INSERT INTO Customer (Id,FirstName,LastName,City,Country,Phone)VALUES
(1,'Maria','Anders','Berlin','Germany','030-0074321'),
(2,'Ana','Trujillo','México D.F.','Mexico','(5) 555-4729'),
(3,'Antonio','Moreno','México D.F.','Mexico','(5) 555-3932'),
(4,'Thomas','Hardy','London','UK','(171) 555-7788'),
(5,'Christina','Berglund','Luleå','Sweden','0921-12 34 65'),
(6,'Hanna','Moos','Mannheim','Germany','0621-08460'),
(7,'Frédérique','Citeaux','Strasbourg','France','88.60.15.31'),
(8,'Martín','Sommer','Madrid','Spain','(91) 555 22 82'),
(9,'Laurence','Lebihan','Marseille','France','91.24.45.40'),
(10,'Elizabeth','Lincoln','Tsawassen','Canada','(604) 555-4729'),
(11,'Victoria','Ashworth','London','UK','(171) 555-1212'),
(12,'Patricio','Simpson','Buenos Aires','Argentina','(1) 135-5555'),
(13,'Francisco','Chang','México D.F.','Mexico','(5) 555-3392'),
(14,'Yang','Wang','Bern','Switzerland','0452-076545'),
(15,'Pedro','Afonso','Sao Paulo','Brazil','(11) 555-7647'),
(16,'Elizabeth','Brown','London','UK','(171) 555-2282'),
(17,'Sven','Ottlieb','Aachen','Germany','0241-039123'),
(18,'Janine','Labrune','Nantes','France','40.67.88.88'),
(19,'Ann','Devon','London','UK','(171) 555-0297'),
(20,'Roland','Mendel','Graz','Austria','7675-3425'),
(21,'Aria','Cruz','Sao Paulo','Brazil','(11) 555-9857'),
(22,'Diego','Roel','Madrid','Spain','(91) 555 94 44'),
(23,'Martine','Rancé','Lille','France','20.16.10.16'),
(24,'Maria','Larsson','Bräcke','Sweden','0695-34 67 21'),
(25,'Peter','Franken','München','Germany','089-0877310'),
(26,'Carine','Schmitt','Nantes','France','40.32.21.21'),
(27,'Paolo','Accorti','Torino','Italy','011-4988260'),
(28,'Lino','Rodriguez','Lisboa','Portugal','(1) 354-2534'),
(29,'Eduardo','Saavedra','Barcelona','Spain','(93) 203 4560'),
(30,'José','Pedro Freyre','Sevilla','Spain','(95) 555 82 82'),
(31,'André','Fonseca','Campinas','Brazil','(11) 555-9482'),
(32,'Howard','Snyder','Eugene','USA','(503) 555-7555'),
(33,'Manuel','Pereira','Caracas','Venezuela','(2) 283-2951'),
(34,'Mario','Pontes','Rio de Janeiro','Brazil','(21) 555-0091'),
(35,'Carlos','Hernández','San Cristóbal','Venezuela','(5) 555-1340'),
(36,'Yoshi','Latimer','Elgin','USA','(503) 555-6874'),
(37,'Patricia','McKenna','Cork','Ireland','2967 542'),
(38,'Helen','Bennett','Cowes','UK','(198) 555-8888'),
(39,'Philip','Cramer','Brandenburg','Germany','0555-09876'),
(40,'Daniel','Tonini','Versailles','France','30.59.84.10'),
(41,'Annette','Roulet','Toulouse','France','61.77.61.10'),
(42,'Yoshi','Tannamuri','Vancouver','Canada','(604) 555-3392'),
(43,'John','Steel','Walla Walla','USA','(509) 555-7969'),
(44,'Renate','Messner','Frankfurt a.M.','Germany','069-0245984'),
(45,'Jaime','Yorres','San Francisco','USA','(415) 555-5938'),
(46,'Carlos','González','Barquisimeto','Venezuela','(9) 331-6954'),
(47,'Felipe','Izquierdo','I. de Margarita','Venezuela','(8) 34-56-12'),
(48,'Fran','Wilson','Portland','USA','(503) 555-9573'),
(49,'Giovanni','Rovelli','Bergamo','Italy','035-640230'),
(50,'Catherine','Dewey','Bruxelles','Belgium','(02) 201 24 67'),
(51,'Jean','Fresnière','Montréal','Canada','(514) 555-8054'),
(52,'Alexander','Feuer','Leipzig','Germany','0342-023176'),
(53,'Simon','Crowther','London','UK','(171) 555-7733'),
(54,'Yvonne','Moncada','Buenos Aires','Argentina','(1) 135-5333'),
(55,'Rene','Phillips','Anchorage','USA','(907) 555-7584'),
(56,'Henriette','Pfalzheim','Köln','Germany','0221-0644327'),
(57,'Marie','Bertrand','Paris','France','(1) 42.34.22.66'),
(58,'Guillermo','Fernández','México D.F.','Mexico','(5) 552-3745'),
(59,'Georg','Pipps','Salzburg','Austria','6562-9722'),
(60,'Isabel','de Castro','Lisboa','Portugal','(1) 356-5634'),
(61,'Bernardo','Batista','Rio de Janeiro','Brazil','(21) 555-4252'),
(62,'Lúcia','Carvalho','Sao Paulo','Brazil','(11) 555-1189'),
(63,'Horst','Kloss','Cunewalde','Germany','0372-035188'),
(64,'Sergio','Gutiérrez','Buenos Aires','Argentina','(1) 123-5555'),
(65,'Paula','Wilson','Albuquerque','USA','(505) 555-5939'),
(66,'Maurizio','Moroni','Reggio Emilia','Italy','0522-556721'),
(67,'Janete','Limeira','Rio de Janeiro','Brazil','(21) 555-3412'),
(68,'Michael','Holz','Genève','Switzerland','0897-034214'),
(69,'Alejandra','Camino','Madrid','Spain','(91) 745 6200'),
(70,'Jonas','Bergulfsen','Stavern','Norway','07-98 92 35'),
(71,'Jose','Pavarotti','Boise','USA','(208) 555-8097'),
(72,'Hari','Kumar','London','UK','(171) 555-1717'),
(73,'Jytte','Petersen','Kobenhavn','Denmark','31 12 34 56'),
(74,'Dominique','Perrier','Paris','France','(1) 47.55.60.10'),
(75,'Art','Braunschweiger','Lander','USA','(307) 555-4680'),
(76,'Pascale','Cartrain','Charleroi','Belgium','(071) 23 67 22 20'),
(77,'Liz','Nixon','Portland','USA','(503) 555-3612'),
(78,'Liu','Wong','Butte','USA','(406) 555-5834'),
(79,'Karin','Josephs','Münster','Germany','0251-031259'),
(80,'Miguel','Angel Paolino','México D.F.','Mexico','(5) 555-2933'),
(81,'Anabela','Domingues','Sao Paulo','Brazil','(11) 555-2167'),
(82,'Helvetius','Nagy','Kirkland','USA','(206) 555-8257'),
(83,'Palle','Ibsen','Århus','Denmark','86 21 32 43'),
(84,'Mary','Saveley','Lyon','France','78.32.54.86'),
(85,'Paul','Henriot','Reims','France','26.47.15.10'),
(86,'Rita','Müller','Stuttgart','Germany','0711-020361'),
(87,'Pirkko','Koskitalo','Oulu','Finland','981-443655'),
(88,'Paula','Parente','Resende','Brazil','(14) 555-8122'),
(89,'Karl','Jablonski','Seattle','USA','(206) 555-4112'),
(90,'Matti','Karttunen','Helsinki','Finland','90-224 8858'),
(91,'Zbyszek','Piestrzeniewicz','Warszawa','Poland','(26) 642-7012');


INSERT INTO Supplier (Id,CompanyName,ContactName,City,Country,Phone,Fax)VALUES 
(1,'Exotic Liquids','Charlotte Cooper','London','UK','(171) 555-2222',NULL),
(2,'New Orleans Cajun Delights','Shelley Burke','New Orleans','USA','(100) 555-4822',NULL),
(3,'Grandma Kelly''s Homestead','Regina Murphy','Ann Arbor','USA','(313) 555-5735','(313) 555-3349'),
(4,'Tokyo Traders','Yoshi Nagase','Tokyo','Japan','(03) 3555-5011',NULL),
(5,'Cooperativa de Quesos ''Las Cabras''','Antonio del Valle Saavedra','Oviedo','Spain','(98) 598 76 54',NULL),
(6,'Mayumi''s','Mayumi Ohno','Osaka','Japan','(06) 431-7877',NULL),
(7,'Pavlova, Ltd.','Ian Devling','Melbourne','Australia','(03) 444-2343','(03) 444-6588'),
(8,'Specialty Biscuits, Ltd.','Peter Wilson','Manchester','UK','(161) 555-4448',NULL),
(9,'PB Knäckebröd AB','Lars Peterson','Göteborg','Sweden','031-987 65 43','031-987 65 91'),
(10,'Refrescos Americanas LTDA','Carlos Diaz','Sao Paulo','Brazil','(11) 555 4640',NULL),
(11,'Heli Süßwaren GmbH & Co. KG','Petra Winkler','Berlin','Germany','(010) 9984510',NULL),
(12,'Plutzer Lebensmittelgroßmärkte AG','Martin Bein','Frankfurt','Germany','(069) 992755',NULL),
(13,'Nord-Ost-Fisch Handelsgesellschaft mbH','Sven Petersen','Cuxhaven','Germany','(04721) 8713','(04721) 8714'),
(14,'Formaggi Fortini s.r.l.','Elio Rossi','Ravenna','Italy','(0544) 60323','(0544) 60603'),
(15,'Norske Meierier','Beate Vileid','Sandvika','Norway','(0)2-953010',NULL),
(16,'Bigfoot Breweries','Cheryl Saylor','Bend','USA','(503) 555-9931',NULL),
(17,'Svensk Sjöföda AB','Michael Björn','Stockholm','Sweden','08-123 45 67',NULL),
(18,'Aux joyeux ecclésiastiques','Guylène Nodier','Paris','France','(1) 03.83.00.68','(1) 03.83.00.62'),
(19,'New England Seafood Cannery','Robb Merchant','Boston','USA','(617) 555-3267','(617) 555-3389'),
(20,'Leka Trading','Chandra Leka','Singapore','Singapore','555-8787',NULL),
(21,'Lyngbysild','Niels Petersen','Lyngby','Denmark','43844108','43844115'),
(22,'Zaanse Snoepfabriek','Dirk Luchte','Zaandam','Netherlands','(12345) 1212','(12345) 1210'),
(23,'Karkki Oy','Anne Heikkonen','Lappeenranta','Finland','(953) 10956',NULL),
(24,'G''day, Mate','Wendy Mackenzie','Sydney','Australia','(02) 555-5914','(02) 555-4873'),
(25,'Ma Maison','Jean-Guy Lauzon','Montréal','Canada','(514) 555-9022',NULL),
(26,'Pasta Buttini s.r.l.','Giovanni Giudici','Salerno','Italy','(089) 6547665','(089) 6547667'),
(27,'Escargots Nouveaux','Marie Delamare','Montceau','France','85.57.00.07',NULL),
(28,'Gai pâturage','Eliane Noz','Annecy','France','38.76.98.06','38.76.98.58'),
(29,'Forêts d''érables','Chantal Goulet','Ste-Hyacinthe','Canada','(514) 555-2955','(514) 555-2921');

INSERT INTO Product (Id,ProductName,SupplierId,UnitPrice,Package,IsDiscontinued)VALUES
(1,'Chai',1,18.00,'10 boxes x 20 bags',0),
(2,'Chang',1,19.00,'24 - 12 oz bottles',0),
(3,'Aniseed Syrup',1,10.00,'12 - 550 ml bottles',0),
(4,'Chef Anton''s Cajun Seasoning',2,22.00,'48 - 6 oz jars',0),
(5,'Chef Anton''s Gumbo Mix',2,21.35,'36 boxes',1),
(6,'Grandma''s Boysenberry Spread',3,25.00,'12 - 8 oz jars',0),
(7,'Uncle Bob''s Organic Dried Pears',3,30.00,'12 - 1 lb pkgs.',0),
(8,'Northwoods Cranberry Sauce',3,40.00,'12 - 12 oz jars',0),
(9,'Mishi Kobe Niku',4,97.00,'18 - 500 g pkgs.',1),
(10,'Ikura',4,31.00,'12 - 200 ml jars',0),
(11,'Queso Cabrales',5,21.00,'1 kg pkg.',0),
(12,'Queso Manchego La Pastora',5,38.00,'10 - 500 g pkgs.',0),
(13,'Konbu',6,6.00,'2 kg box',0),
(14,'Tofu',6,23.25,'40 - 100 g pkgs.',0),
(15,'Genen Shouyu',6,15.50,'24 - 250 ml bottles',0),
(16,'Pavlova',7,17.45,'32 - 500 g boxes',0),
(17,'Alice Mutton',7,39.00,'20 - 1 kg tins',1),
(18,'Carnarvon Tigers',7,62.50,'16 kg pkg.',0),
(19,'Teatime Chocolate Biscuits',8,9.20,'10 boxes x 12 pieces',0),
(20,'Sir Rodney''s Marmalade',8,81.00,'30 gift boxes',0),
(21,'Sir Rodney''s Scones',8,10.00,'24 pkgs. x 4 pieces',0),
(22,'Gustaf''s Knäckebröd',9,21.00,'24 - 500 g pkgs.',0),
(23,'Tunnbröd',9,9.00,'12 - 250 g pkgs.',0),
(24,'Guaraná Fantástica',10,4.50,'12 - 355 ml cans',1),
(25,'NuNuCa Nuß-Nougat-Creme',11,14.00,'20 - 450 g glasses',0),
(26,'Gumbär Gummibärchen',11,31.23,'100 - 250 g bags',0),
(27,'Schoggi Schokolade',11,43.90,'100 - 100 g pieces',0),
(28,'Rössle Sauerkraut',12,45.60,'25 - 825 g cans',1),
(29,'Thüringer Rostbratwurst',12,123.79,'50 bags x 30 sausgs.',1),
(30,'Nord-Ost Matjeshering',13,25.89,'10 - 200 g glasses',0),
(31,'Gorgonzola Telino',14,12.50,'12 - 100 g pkgs',0),
(32,'Mascarpone Fabioli',14,32.00,'24 - 200 g pkgs.',0),
(33,'Geitost',15,2.50,'500 g',0),
(34,'Sasquatch Ale',16,14.00,'24 - 12 oz bottles',0),
(35,'Steeleye Stout',16,18.00,'24 - 12 oz bottles',0),
(36,'Inlagd Sill',17,19.00,'24 - 250 g  jars',0),
(37,'Gravad lax',17,26.00,'12 - 500 g pkgs.',0),
(38,'Côte de Blaye',18,263.50,'12 - 75 cl bottles',0),
(39,'Chartreuse verte',18,18.00,'750 cc per bottle',0),
(40,'Boston Crab Meat',19,18.40,'24 - 4 oz tins',0),
(41,'Jack''s New England Clam Chowder',19,9.65,'12 - 12 oz cans',0),
(42,'Singaporean Hokkien Fried Mee',20,14.00,'32 - 1 kg pkgs.',1),
(43,'Ipoh Coffee',20,46.00,'16 - 500 g tins',0),
(44,'Gula Malacca',20,19.45,'20 - 2 kg bags',0),
(45,'Rogede sild',21,9.50,'1k pkg.',0),
(46,'Spegesild',21,12.00,'4 - 450 g glasses',0),
(47,'Zaanse koeken',22,9.50,'10 - 4 oz boxes',0),
(48,'Chocolade',22,12.75,'10 pkgs.',0),
(49,'Maxilaku',23,20.00,'24 - 50 g pkgs.',0),
(50,'Valkoinen suklaa',23,16.25,'12 - 100 g bars',0),
(51,'Manjimup Dried Apples',24,53.00,'50 - 300 g pkgs.',0),
(52,'Filo Mix',24,7.00,'16 - 2 kg boxes',0),
(53,'Perth Pasties',24,32.80,'48 pieces',1),
(54,'Tourtière',25,7.45,'16 pies',0),
(55,'Pâté chinois',25,24.00,'24 boxes x 2 pies',0),
(56,'Gnocchi di nonna Alice',26,38.00,'24 - 250 g pkgs.',0),
(57,'Ravioli Angelo',26,19.50,'24 - 250 g pkgs.',0),
(58,'Escargots de Bourgogne',27,13.25,'24 pieces',0),
(59,'Raclette Courdavault',28,55.00,'5 kg pkg.',0),
(60,'Camembert Pierrot',28,34.00,'15 - 300 g rounds',0),
(61,'Sirop d''érable',29,28.50,'24 - 500 ml bottles',0),
(62,'Tarte au sucre',29,49.30,'48 pies',0),
(63,'Vegie-spread',7,43.90,'15 - 625 g jars',0),
(64,'Wimmers gute Semmelknödel',12,33.25,'20 bags x 4 pieces',0),
(65,'Louisiana Fiery Hot Pepper Sauce',2,21.05,'32 - 8 oz bottles',0),
(66,'Louisiana Hot Spiced Okra',2,17.00,'24 - 8 oz jars',0),
(67,'Laughing Lumberjack Lager',16,14.00,'24 - 12 oz bottles',0),
(68,'Scottish Longbreads',8,12.50,'10 boxes x 8 pieces',0),
(69,'Gudbrandsdalsost',15,36.00,'10 kg pkg.',0),
(70,'Outback Lager',7,15.00,'24 - 355 ml bottles',0),
(71,'Flotemysost',15,21.50,'10 - 500 g pkgs.',0),
(72,'Mozzarella di Giovanni',14,34.80,'24 - 200 g pkgs.',0),
(73,'Röd Kaviar',17,15.00,'24 - 150 g jars',0),
(74,'Longlife Tofu',4,10.00,'5 kg pkg.',0),
(75,'Rhönbräu Klosterbier',12,7.75,'24 - 0.5 l bottles',0),
(76,'Lakkalikööri',23,18.00,'500 ml',0),
(77,'Original Frankfurter grüne Soße',12,13.00,'12 boxes',0),
(78,'Stroopwafels',22,9.75,'24 pieces',0);


INSERT INTO Orders (Id,OrderDate,CustomerId,TotalAmount,OrderNumber)VALUES 
(1,'Jul  4 2012 12:00:00',85,440.00,'542378'),
(2,'Jul  5 2012 12:00:00',79,1863.40,'542379'),
(3,'Jul  8 2012 12:00:00',34,1813.00,'542380'),
(4,'Jul  8 2012 12:00:00',84,670.80,'542381'),
(5,'Jul  9 2012 12:00:00',76,3730.00,'542382'),
(6,'Jul 10 2012 12:00:00',34,1444.80,'542383'),
(7,'Jul 11 2012 12:00:00',14,625.20,'542384'),
(8,'Jul 12 2012 12:00:00',68,2490.50,'542385'),
(9,'Jul 15 2012 12:00:00',88,517.80,'542386'),
(10,'Jul 16 2012 12:00:00',35,1119.90,'542387'),
(11,'Jul 17 2012 12:00:00',20,2018.60,'542388'),
(12,'Jul 18 2012 12:00:00',13,100.80,'542389'),
(13,'Jul 19 2012 12:00:00',56,1746.20,'542390'),
(14,'Jul 19 2012 12:00:00',61,448.00,'542391'),
(15,'Jul 22 2012 12:00:00',65,624.80,'542392'),
(16,'Jul 23 2012 12:00:00',20,2464.80,'542393'),
(17,'Jul 24 2012 12:00:00',24,724.50,'542394'),
(18,'Jul 25 2012 12:00:00',7,1176.00,'542395'),
(19,'Jul 26 2012 12:00:00',87,364.80,'542396'),
(20,'Jul 29 2012 12:00:00',25,4031.00,'542397'),
(21,'Jul 30 2012 12:00:00',33,1101.20,'542398'),
(22,'Jul 31 2012 12:00:00',89,676.00,'542399'),
(23,'Aug  1 2012 12:00:00',87,1376.00,'542400'),
(24,'Aug  1 2012 12:00:00',75,48.00,'542401'),
(25,'Aug  2 2012 12:00:00',65,1456.00,'542402'),
(26,'Aug  5 2012 12:00:00',63,2142.40,'542403'),
(27,'Aug  6 2012 12:00:00',85,538.60,'542404'),
(28,'Aug  7 2012 12:00:00',49,307.20,'542405'),
(29,'Aug  8 2012 12:00:00',80,420.00,'542406'),
(30,'Aug  9 2012 12:00:00',52,1200.80,'542407'),
(31,'Aug 12 2012 12:00:00',5,1488.80,'542408'),
(32,'Aug 13 2012 12:00:00',44,468.00,'542409'),
(33,'Aug 14 2012 12:00:00',5,613.20,'542410'),
(34,'Aug 14 2012 12:00:00',69,86.50,'542411'),
(35,'Aug 15 2012 12:00:00',69,155.40,'542412'),
(36,'Aug 16 2012 12:00:00',46,1414.80,'542413'),
(37,'Aug 19 2012 12:00:00',44,1452.00,'542414'),
(38,'Aug 20 2012 12:00:00',63,2179.20,'542415'),
(39,'Aug 21 2012 12:00:00',63,3016.00,'542416'),
(40,'Aug 22 2012 12:00:00',67,924.00,'542417'),
(41,'Aug 23 2012 12:00:00',66,89.00,'542418'),
(42,'Aug 26 2012 12:00:00',11,479.40,'542419'),
(43,'Aug 27 2012 12:00:00',15,2169.00,'542420'),
(44,'Aug 27 2012 12:00:00',61,552.80,'542421'),
(45,'Aug 28 2012 12:00:00',81,1296.00,'542422'),
(46,'Aug 29 2012 12:00:00',80,848.70,'542423'),
(47,'Aug 30 2012 12:00:00',65,1887.60,'542424'),
(48,'Sep  2 2012 12:00:00',85,121.60,'542425'),
(49,'Sep  3 2012 12:00:00',46,1050.60,'542426'),
(50,'Sep  4 2012 12:00:00',7,1420.00,'542427'),
(51,'Sep  5 2012 12:00:00',37,3127.00,'542428'),
(52,'Sep  6 2012 12:00:00',67,349.50,'542429'),
(53,'Sep  9 2012 12:00:00',49,608.00,'542430'),
(54,'Sep  9 2012 12:00:00',86,755.00,'542431'),
(55,'Sep 10 2012 12:00:00',76,2708.80,'542432'),
(56,'Sep 11 2012 12:00:00',30,1242.00,'542433'),
(57,'Sep 12 2012 12:00:00',80,954.40,'542434'),
(58,'Sep 13 2012 12:00:00',55,4157.00,'542435'),
(59,'Sep 16 2012 12:00:00',69,498.50,'542436'),
(60,'Sep 17 2012 12:00:00',48,424.00,'542437'),
(61,'Sep 18 2012 12:00:00',2,88.80,'542438'),
(62,'Sep 19 2012 12:00:00',37,1762.00,'542439'),
(63,'Sep 20 2012 12:00:00',77,336.00,'542440'),
(64,'Sep 20 2012 12:00:00',18,268.80,'542441'),
(65,'Sep 23 2012 12:00:00',86,1614.80,'542442'),
(66,'Sep 24 2012 12:00:00',63,182.40,'542443'),
(67,'Sep 25 2012 12:00:00',65,2327.00,'542444'),
(68,'Sep 26 2012 12:00:00',38,516.80,'542445'),
(69,'Sep 27 2012 12:00:00',65,2835.00,'542446'),
(70,'Sep 30 2012 12:00:00',48,288.00,'542447'),
(71,'Oct  1 2012 12:00:00',38,240.40,'542448'),
(72,'Oct  2 2012 12:00:00',80,1191.20,'542449'),
(73,'Oct  3 2012 12:00:00',87,516.00,'542450'),
(74,'Oct  3 2012 12:00:00',38,144.00,'542451'),
(75,'Oct  4 2012 12:00:00',58,112.00,'542452'),
(76,'Oct  7 2012 12:00:00',39,164.40,'542453'),
(77,'Oct  8 2012 12:00:00',71,6155.90,'542454'),
(78,'Oct  9 2012 12:00:00',39,1497.00,'542455'),
(79,'Oct 10 2012 12:00:00',8,982.00,'542456'),
(80,'Oct 11 2012 12:00:00',24,2262.50,'542457'),
(81,'Oct 14 2012 12:00:00',28,1168.00,'542458'),
(82,'Oct 15 2012 12:00:00',75,4819.40,'542459'),
(83,'Oct 16 2012 12:00:00',46,1940.00,'542460'),
(84,'Oct 16 2012 12:00:00',9,88.50,'542461'),
(85,'Oct 17 2012 12:00:00',51,2233.60,'542462'),
(86,'Oct 18 2012 12:00:00',87,954.00,'542463'),
(87,'Oct 21 2012 12:00:00',84,144.80,'542464'),
(88,'Oct 22 2012 12:00:00',37,2545.20,'542465'),
(89,'Oct 23 2012 12:00:00',60,316.80,'542466'),
(90,'Oct 24 2012 12:00:00',25,2467.00,'542467'),
(91,'Oct 25 2012 12:00:00',55,934.50,'542468'),
(92,'Oct 28 2012 12:00:00',51,3463.20,'542469'),
(93,'Oct 29 2012 12:00:00',9,2564.40,'542470'),
(94,'Oct 29 2012 12:00:00',73,412.00,'542471'),
(95,'Oct 30 2012 12:00:00',25,2300.80,'542472'),
(96,'Oct 31 2012 12:00:00',44,1586.00,'542473'),
(97,'Nov  1 2012 12:00:00',89,2856.00,'542474'),
(98,'Nov  4 2012 12:00:00',63,2924.80,'542475'),
(99,'Nov  5 2012 12:00:00',65,1731.20,'542476'),
(100,'Nov  6 2012 12:00:00',21,928.00,'542477'),
(101,'Nov  7 2012 12:00:00',86,396.00,'542478'),
(102,'Nov  8 2012 12:00:00',75,141.60,'542479'),
(103,'Nov 11 2012 12:00:00',41,713.40,'542480'),
(104,'Nov 11 2012 12:00:00',20,5677.60,'542481'),
(105,'Nov 12 2012 12:00:00',28,154.00,'542482'),
(106,'Nov 13 2012 12:00:00',59,10741.60,'542483'),
(107,'Nov 14 2012 12:00:00',58,568.80,'542484'),
(108,'Nov 15 2012 12:00:00',4,480.00,'542485'),
(109,'Nov 18 2012 12:00:00',86,1106.40,'542486'),
(110,'Nov 19 2012 12:00:00',46,1360.00,'542487'),
(111,'Nov 20 2012 12:00:00',41,452.00,'542488'),
(112,'Nov 21 2012 12:00:00',72,3654.40,'542489'),
(113,'Nov 22 2012 12:00:00',7,7390.20,'542490'),
(114,'Nov 22 2012 12:00:00',63,2273.60,'542491'),
(115,'Nov 25 2012 12:00:00',9,1549.60,'542492'),
(116,'Nov 26 2012 12:00:00',17,447.20,'542493'),
(117,'Nov 26 2012 12:00:00',19,950.00,'542494'),
(118,'Nov 27 2012 12:00:00',3,403.20,'542495'),
(119,'Nov 28 2012 12:00:00',29,136.00,'542496'),
(120,'Nov 28 2012 12:00:00',83,834.20,'542497'),
(121,'Nov 29 2012 12:00:00',20,1834.20,'542498'),
(122,'Dec  2 2012 12:00:00',75,2527.20,'542499'),
(123,'Dec  3 2012 12:00:00',14,1174.00,'542500'),
(124,'Dec  3 2012 12:00:00',41,91.20,'542501'),
(125,'Dec  4 2012 12:00:00',62,12281.20,'542502'),
(126,'Dec  5 2012 12:00:00',37,1708.00,'542503'),
(127,'Dec  5 2012 12:00:00',91,459.00,'542504'),
(128,'Dec  6 2012 12:00:00',36,338.00,'542505'),
(129,'Dec  9 2012 12:00:00',51,420.00,'542506'),
(130,'Dec  9 2012 12:00:00',72,1016.00,'542507'),
(131,'Dec 10 2012 12:00:00',24,103.20,'542508'),
(132,'Dec 11 2012 12:00:00',61,959.20,'542509'),
(133,'Dec 12 2012 12:00:00',37,1419.80,'542510'),
(134,'Dec 12 2012 12:00:00',46,112.00,'542511'),
(135,'Dec 13 2012 12:00:00',20,2900.00,'542512'),
(136,'Dec 16 2012 12:00:00',4,899.00,'542513'),
(137,'Dec 16 2012 12:00:00',5,2222.40,'542514'),
(138,'Dec 17 2012 12:00:00',75,864.00,'542515'),
(139,'Dec 18 2012 12:00:00',21,166.00,'542516'),
(140,'Dec 18 2012 12:00:00',70,1058.40,'542517'),
(141,'Dec 19 2012 12:00:00',72,1274.00,'542518'),
(142,'Dec 20 2012 12:00:00',10,1832.80,'542519'),
(143,'Dec 23 2012 12:00:00',20,2275.20,'542520'),
(144,'Dec 23 2012 12:00:00',17,86.40,'542521'),
(145,'Dec 24 2012 12:00:00',59,1440.00,'542522'),
(146,'Dec 25 2012 12:00:00',71,3302.60,'542523'),
(147,'Dec 25 2012 12:00:00',36,442.00,'542524'),
(148,'Dec 26 2012 12:00:00',35,2333.20,'542525'),
(149,'Dec 27 2012 12:00:00',25,1903.80,'542526'),
(150,'Dec 27 2012 12:00:00',60,843.20,'542527'),
(151,'Dec 30 2012 12:00:00',71,2736.00,'542528'),
(152,'Dec 31 2012 12:00:00',83,1765.60,'542529'),
(153,'Jan  1 2013 12:00:00',19,3063.00,'542530'),
(154,'Jan  1 2013 12:00:00',65,3868.60,'542531'),
(155,'Jan  2 2013 12:00:00',20,2713.50,'542532'),
(156,'Jan  3 2013 12:00:00',20,1005.90,'542533'),
(157,'Jan  3 2013 12:00:00',49,1675.00,'542534'),
(158,'Jan  6 2013 12:00:00',47,400.00,'542535'),
(159,'Jan  7 2013 12:00:00',62,2018.20,'542536'),
(160,'Jan  7 2013 12:00:00',56,1194.00,'542537'),
(161,'Jan  8 2013 12:00:00',23,1622.40,'542538'),
(162,'Jan  9 2013 12:00:00',54,319.20,'542539'),
(163,'Jan 10 2013 12:00:00',10,802.00,'542540'),
(164,'Jan 10 2013 12:00:00',10,1208.50,'542541'),
(165,'Jan 13 2013 12:00:00',87,372.00,'542542'),
(166,'Jan 14 2013 12:00:00',41,2123.20,'542543'),
(167,'Jan 14 2013 12:00:00',21,231.40,'542544'),
(168,'Jan 15 2013 12:00:00',36,102.40,'542545'),
(169,'Jan 16 2013 12:00:00',87,720.00,'542546'),
(170,'Jan 16 2013 12:00:00',73,11283.20,'542547'),
(171,'Jan 17 2013 12:00:00',63,1814.80,'542548'),
(172,'Jan 20 2013 12:00:00',68,2208.00,'542549'),
(173,'Jan 21 2013 12:00:00',88,1897.60,'542550'),
(174,'Jan 21 2013 12:00:00',61,1273.20,'542551'),
(175,'Jan 22 2013 12:00:00',27,49.80,'542552'),
(176,'Jan 23 2013 12:00:00',31,1020.00,'542553'),
(177,'Jan 23 2013 12:00:00',51,11493.20,'542554'),
(178,'Jan 24 2013 12:00:00',41,480.00,'542555'),
(179,'Jan 27 2013 12:00:00',29,338.20,'542556'),
(180,'Jan 27 2013 12:00:00',59,651.00,'542557'),
(181,'Jan 28 2013 12:00:00',66,192.00,'542558'),
(182,'Jan 29 2013 12:00:00',37,1748.50,'542559'),
(183,'Jan 30 2013 12:00:00',20,5796.00,'542560'),
(184,'Jan 30 2013 12:00:00',10,2523.00,'542561'),
(185,'Jan 31 2013 12:00:00',75,485.00,'542562'),
(186,'Feb  3 2013 12:00:00',60,851.20,'542563'),
(187,'Feb  3 2013 12:00:00',24,360.00,'542564'),
(188,'Feb  4 2013 12:00:00',16,631.60,'542565'),
(189,'Feb  5 2013 12:00:00',7,2210.80,'542566'),
(190,'Feb  5 2013 12:00:00',87,393.00,'542567'),
(191,'Feb  6 2013 12:00:00',79,567.50,'542568'),
(192,'Feb  7 2013 12:00:00',51,1078.00,'542569'),
(193,'Feb 10 2013 12:00:00',71,5793.10,'542570'),
(194,'Feb 10 2013 12:00:00',55,1755.00,'542571'),
(195,'Feb 11 2013 12:00:00',20,1792.00,'542572'),
(196,'Feb 12 2013 12:00:00',66,537.60,'542573'),
(197,'Feb 12 2013 12:00:00',5,1031.70,'542574'),
(198,'Feb 13 2013 12:00:00',5,174.90,'542575'),
(199,'Feb 14 2013 12:00:00',79,273.60,'542576'),
(200,'Feb 14 2013 12:00:00',67,914.40,'542577'),
(201,'Feb 17 2013 12:00:00',64,443.40,'542578'),
(202,'Feb 18 2013 12:00:00',7,1838.20,'542579'),
(203,'Feb 19 2013 12:00:00',84,531.40,'542580'),
(204,'Feb 19 2013 12:00:00',63,4277.40,'542581'),
(205,'Feb 20 2013 12:00:00',71,2096.00,'542582'),
(206,'Feb 21 2013 12:00:00',4,453.00,'542583'),
(207,'Feb 21 2013 12:00:00',41,414.00,'542584'),
(208,'Feb 24 2013 12:00:00',87,2684.00,'542585'),
(209,'Feb 25 2013 12:00:00',39,656.00,'542586'),
(210,'Feb 25 2013 12:00:00',39,1584.00,'542587'),
(211,'Feb 26 2013 12:00:00',76,3891.00,'542588'),
(212,'Feb 27 2013 12:00:00',84,1688.00,'542589'),
(213,'Feb 28 2013 12:00:00',24,234.80,'542590'),
(214,'Feb 28 2013 12:00:00',46,2051.60,'542591'),
(215,'Mar  3 2013 12:00:00',16,156.00,'542592'),
(216,'Mar  4 2013 12:00:00',76,713.30,'542593'),
(217,'Mar  4 2013 12:00:00',28,1848.00,'542594'),
(218,'Mar  5 2013 12:00:00',83,2719.00,'542595'),
(219,'Mar  6 2013 12:00:00',15,216.00,'542596'),
(220,'Mar  6 2013 12:00:00',49,235.20,'542597'),
(221,'Mar  7 2013 12:00:00',39,717.60,'542598'),
(222,'Mar 10 2013 12:00:00',89,1125.50,'542599'),
(223,'Mar 11 2013 12:00:00',9,1820.80,'542600'),
(224,'Mar 11 2013 12:00:00',11,1328.00,'542601'),
(225,'Mar 12 2013 12:00:00',72,1051.20,'542602'),
(226,'Mar 13 2013 12:00:00',38,230.40,'542603'),
(227,'Mar 13 2013 12:00:00',58,1249.10,'542604'),
(228,'Mar 14 2013 12:00:00',76,1770.80,'542605'),
(229,'Mar 17 2013 12:00:00',35,182.40,'542606'),
(230,'Mar 17 2013 12:00:00',60,672.00,'542607'),
(231,'Mar 18 2013 12:00:00',84,496.00,'542608'),
(232,'Mar 19 2013 12:00:00',65,10495.60,'542609'),
(233,'Mar 20 2013 12:00:00',23,756.00,'542610'),
(234,'Mar 20 2013 12:00:00',67,1472.00,'542611'),
(235,'Mar 21 2013 12:00:00',43,147.00,'542612'),
(236,'Mar 24 2013 12:00:00',89,704.00,'542613'),
(237,'Mar 24 2013 12:00:00',11,386.20,'542614'),
(238,'Mar 25 2013 12:00:00',47,1760.00,'542615'),
(239,'Mar 26 2013 12:00:00',35,1272.00,'542616'),
(240,'Mar 26 2013 12:00:00',62,925.10,'542617'),
(241,'Mar 27 2013 12:00:00',25,1560.00,'542618'),
(242,'Mar 28 2013 12:00:00',59,502.20,'542619'),
(243,'Mar 31 2013 12:00:00',35,3163.20,'542620'),
(244,'Mar 31 2013 12:00:00',28,305.30,'542621'),
(245,'Apr  1 2013 12:00:00',10,896.00,'542622'),
(246,'Apr  2 2013 12:00:00',41,676.00,'542623'),
(247,'Apr  2 2013 12:00:00',15,912.00,'542624'),
(248,'Apr  3 2013 12:00:00',42,278.00,'542625'),
(249,'Apr  4 2013 12:00:00',81,200.00,'542626'),
(250,'Apr  4 2013 12:00:00',44,1380.60,'542627'),
(251,'Apr  7 2013 12:00:00',35,575.00,'542628'),
(252,'Apr  8 2013 12:00:00',46,1412.00,'542629'),
(253,'Apr  9 2013 12:00:00',41,550.80,'542630'),
(254,'Apr  9 2013 12:00:00',6,149.00,'542631'),
(255,'Apr 10 2013 12:00:00',58,816.30,'542632'),
(256,'Apr 11 2013 12:00:00',37,2048.50,'542633'),
(257,'Apr 11 2013 12:00:00',89,1388.50,'542634'),
(258,'Apr 14 2013 12:00:00',51,147.90,'542635'),
(259,'Apr 15 2013 12:00:00',39,462.00,'542636'),
(260,'Apr 15 2013 12:00:00',3,881.25,'542637'),
(261,'Apr 16 2013 12:00:00',56,240.00,'542638'),
(262,'Apr 17 2013 12:00:00',6,136.80,'542639'),
(263,'Apr 18 2013 12:00:00',71,4735.44,'542640'),
(264,'Apr 18 2013 12:00:00',9,3000.00,'542641'),
(265,'Apr 21 2013 12:00:00',21,618.00,'542642'),
(266,'Apr 22 2013 12:00:00',86,2427.50,'542643'),
(267,'Apr 22 2013 12:00:00',20,8623.45,'542644'),
(268,'Apr 23 2013 12:00:00',63,10588.50,'542645'),
(269,'Apr 24 2013 12:00:00',37,2614.50,'542646'),
(270,'Apr 24 2013 12:00:00',53,352.00,'542647'),
(271,'Apr 25 2013 12:00:00',80,4150.05,'542648'),
(272,'Apr 28 2013 12:00:00',14,2356.00,'542649'),
(273,'Apr 29 2013 12:00:00',70,200.00,'542650'),
(274,'Apr 29 2013 12:00:00',12,225.50,'542651'),
(275,'Apr 30 2013 12:00:00',44,2657.80,'542652'),
(276,'May  1 2013 12:00:00',72,2715.90,'542653'),
(277,'May  1 2013 12:00:00',5,3192.65,'542654'),
(278,'May  2 2013 12:00:00',9,846.00,'542655'),
(279,'May  5 2013 12:00:00',87,1344.00,'542656'),
(280,'May  5 2013 12:00:00',63,1670.00,'542657'),
(281,'May  6 2013 12:00:00',32,396.20,'542658'),
(282,'May  7 2013 12:00:00',50,946.00,'542659'),
(283,'May  8 2013 12:00:00',59,4180.00,'542660'),
(284,'May  8 2013 12:00:00',54,110.00,'542661'),
(285,'May  9 2013 12:00:00',19,796.35,'542662'),
(286,'May 12 2013 12:00:00',24,2295.20,'542663'),
(287,'May 12 2013 12:00:00',44,517.40,'542664'),
(288,'May 13 2013 12:00:00',3,2156.50,'542665'),
(289,'May 14 2013 12:00:00',44,2085.00,'542666'),
(290,'May 14 2013 12:00:00',68,1823.80,'542667'),
(291,'May 15 2013 12:00:00',11,139.80,'542668'),
(292,'May 16 2013 12:00:00',11,355.50,'542669'),
(293,'May 19 2013 12:00:00',63,10191.70,'542670'),
(294,'May 19 2013 12:00:00',34,2162.80,'542671'),
(295,'May 20 2013 12:00:00',39,493.80,'542672'),
(296,'May 21 2013 12:00:00',46,1770.00,'542673'),
(297,'May 21 2013 12:00:00',48,417.20,'542674'),
(298,'May 22 2013 12:00:00',43,210.00,'542675'),
(299,'May 23 2013 12:00:00',84,2812.00,'542676'),
(300,'May 23 2013 12:00:00',72,1908.00,'542677'),
(301,'May 26 2013 12:00:00',79,275.10,'542678'),
(302,'May 27 2013 12:00:00',63,4181.50,'542679'),
(303,'May 28 2013 12:00:00',30,749.00,'542680'),
(304,'May 28 2013 12:00:00',28,1836.00,'542681'),
(305,'May 29 2013 12:00:00',35,880.50,'542682'),
(306,'May 30 2013 12:00:00',87,1546.30,'542683'),
(307,'May 30 2013 12:00:00',56,1819.50,'542684'),
(308,'Jun  2 2013 12:00:00',71,3680.50,'542685'),
(309,'Jun  3 2013 12:00:00',73,835.20,'542686'),
(310,'Jun  3 2013 12:00:00',44,1152.50,'542687'),
(311,'Jun  4 2013 12:00:00',4,2142.90,'542688'),
(312,'Jun  5 2013 12:00:00',7,547.80,'542689'),
(313,'Jun  6 2013 12:00:00',25,1257.30,'542690'),
(314,'Jun  6 2013 12:00:00',24,2844.50,'542691'),
(315,'Jun  9 2013 12:00:00',66,543.00,'542692'),
(316,'Jun 10 2013 12:00:00',67,965.00,'542693'),
(317,'Jun 10 2013 12:00:00',65,1299.00,'542694'),
(318,'Jun 11 2013 12:00:00',51,711.00,'542695'),
(319,'Jun 12 2013 12:00:00',7,2040.00,'542696'),
(320,'Jun 12 2013 12:00:00',37,3109.00,'542697'),
(321,'Jun 13 2013 12:00:00',29,155.00,'542698'),
(322,'Jun 16 2013 12:00:00',65,977.50,'542699'),
(323,'Jun 17 2013 12:00:00',51,2595.00,'542700'),
(324,'Jun 17 2013 12:00:00',20,647.75,'542701'),
(325,'Jun 18 2013 12:00:00',5,1565.65,'542702'),
(326,'Jun 19 2013 12:00:00',3,2082.00,'542703'),
(327,'Jun 19 2013 12:00:00',82,764.30,'542704'),
(328,'Jun 20 2013 12:00:00',52,2147.40,'542705'),
(329,'Jun 23 2013 12:00:00',80,838.45,'542706'),
(330,'Jun 23 2013 12:00:00',82,569.00,'542707'),
(331,'Jun 24 2013 12:00:00',11,477.00,'542708'),
(332,'Jun 25 2013 12:00:00',45,317.75,'542709'),
(333,'Jun 26 2013 12:00:00',56,1067.10,'542710'),
(334,'Jun 26 2013 12:00:00',21,387.50,'542711'),
(335,'Jun 27 2013 12:00:00',6,330.00,'542712'),
(336,'Jun 30 2013 12:00:00',87,2413.90,'542713'),
(337,'Jun 30 2013 12:00:00',7,625.00,'542714'),
(338,'Jul  1 2013 12:00:00',88,142.50,'542715'),
(339,'Jul  2 2013 12:00:00',66,28.00,'542716'),
(340,'Jul  2 2013 12:00:00',61,807.38,'542717'),
(341,'Jul  3 2013 12:00:00',63,3900.00,'542718'),
(342,'Jul  4 2013 12:00:00',32,72.00,'542719'),
(343,'Jul  7 2013 12:00:00',51,1140.00,'542720'),
(344,'Jul  7 2013 12:00:00',83,812.50,'542721'),
(345,'Jul  8 2013 12:00:00',44,543.65,'542722'),
(346,'Jul  9 2013 12:00:00',44,2493.00,'542723'),
(347,'Jul  9 2013 12:00:00',55,565.50,'542724'),
(348,'Jul 10 2013 12:00:00',20,6300.00,'542725'),
(349,'Jul 11 2013 12:00:00',89,1476.10,'542726'),
(350,'Jul 11 2013 12:00:00',59,800.10,'542727'),
(351,'Jul 14 2013 12:00:00',65,2388.50,'542728'),
(352,'Jul 15 2013 12:00:00',11,493.00,'542729'),
(353,'Jul 16 2013 12:00:00',36,479.80,'542730'),
(354,'Jul 16 2013 12:00:00',35,2285.00,'542731'),
(355,'Jul 17 2013 12:00:00',83,65.00,'542732'),
(356,'Jul 18 2013 12:00:00',71,1508.00,'542733'),
(357,'Jul 18 2013 12:00:00',28,256.50,'542734'),
(358,'Jul 21 2013 12:00:00',51,4326.00,'542735'),
(359,'Jul 22 2013 12:00:00',81,1413.00,'542736'),
(360,'Jul 22 2013 12:00:00',71,6475.40,'542737'),
(361,'Jul 23 2013 12:00:00',79,1064.00,'542738'),
(362,'Jul 24 2013 12:00:00',18,424.00,'542739'),
(363,'Jul 25 2013 12:00:00',41,399.00,'542740'),
(364,'Jul 25 2013 12:00:00',91,808.00,'542741'),
(365,'Jul 28 2013 12:00:00',71,6375.00,'542742'),
(366,'Jul 29 2013 12:00:00',35,358.00,'542743'),
(367,'Jul 29 2013 12:00:00',6,464.00,'542744'),
(368,'Jul 30 2013 12:00:00',90,120.00,'542745'),
(369,'Jul 31 2013 12:00:00',32,5032.00,'542746'),
(370,'Jul 31 2013 12:00:00',32,1650.00,'542747'),
(371,'Aug  1 2013 12:00:00',51,2697.50,'542748'),
(372,'Aug  4 2013 12:00:00',51,1260.00,'542749'),
(373,'Aug  5 2013 12:00:00',42,57.50,'542750'),
(374,'Aug  5 2013 12:00:00',38,758.50,'542751'),
(375,'Aug  6 2013 12:00:00',67,605.00,'542752'),
(376,'Aug  7 2013 12:00:00',25,1429.75,'542753'),
(377,'Aug  7 2013 12:00:00',78,1393.24,'542754'),
(378,'Aug  8 2013 12:00:00',2,479.75,'542755'),
(379,'Aug 11 2013 12:00:00',5,1503.60,'542756'),
(380,'Aug 11 2013 12:00:00',71,1264.50,'542757'),
(381,'Aug 12 2013 12:00:00',7,450.00,'542758'),
(382,'Aug 12 2013 12:00:00',30,2775.05,'542759'),
(383,'Aug 13 2013 12:00:00',39,918.00,'542760'),
(384,'Aug 14 2013 12:00:00',41,62.00,'542761'),
(385,'Aug 14 2013 12:00:00',86,620.00,'542762'),
(386,'Aug 15 2013 12:00:00',20,6483.05,'542763'),
(387,'Aug 15 2013 12:00:00',23,4985.50,'542764'),
(388,'Aug 18 2013 12:00:00',49,1380.25,'542765'),
(389,'Aug 19 2013 12:00:00',87,629.50,'542766'),
(390,'Aug 19 2013 12:00:00',62,2896.25,'542767'),
(391,'Aug 20 2013 12:00:00',47,2720.05,'542768'),
(392,'Aug 20 2013 12:00:00',70,500.00,'542769'),
(393,'Aug 21 2013 12:00:00',86,945.00,'542770'),
(394,'Aug 22 2013 12:00:00',35,2054.00,'542771'),
(395,'Aug 22 2013 12:00:00',73,870.00,'542772'),
(396,'Aug 25 2013 12:00:00',1,1086.00,'542773'),
(397,'Aug 25 2013 12:00:00',88,1422.00,'542774'),
(398,'Aug 26 2013 12:00:00',34,1535.00,'542775'),
(399,'Aug 27 2013 12:00:00',37,1928.00,'542776'),
(400,'Aug 27 2013 12:00:00',61,636.00,'542777'),
(401,'Aug 28 2013 12:00:00',67,382.50,'542778'),
(402,'Aug 28 2013 12:00:00',50,1434.00,'542779'),
(403,'Aug 29 2013 12:00:00',21,1820.20,'542780'),
(404,'Sep  1 2013 12:00:00',86,530.40,'542781'),
(405,'Sep  1 2013 12:00:00',31,331.78,'542782'),
(406,'Sep  2 2013 12:00:00',25,1203.50,'542783'),
(407,'Sep  2 2013 12:00:00',5,668.70,'542784'),
(408,'Sep  3 2013 12:00:00',66,193.00,'542785'),
(409,'Sep  4 2013 12:00:00',32,671.35,'542786'),
(410,'Sep  4 2013 12:00:00',71,4371.60,'542787'),
(411,'Sep  5 2013 12:00:00',63,4668.00,'542788'),
(412,'Sep  5 2013 12:00:00',62,1291.60,'542789'),
(413,'Sep  8 2013 12:00:00',36,1701.00,'542790'),
(414,'Sep  9 2013 12:00:00',37,703.25,'542791'),
(415,'Sep  9 2013 12:00:00',48,125.00,'542792'),
(416,'Sep 10 2013 12:00:00',9,2032.00,'542793'),
(417,'Sep 10 2013 12:00:00',28,1515.75,'542794'),
(418,'Sep 11 2013 12:00:00',48,1295.00,'542795'),
(419,'Sep 12 2013 12:00:00',68,4666.94,'542796'),
(420,'Sep 12 2013 12:00:00',20,1921.00,'542797'),
(421,'Sep 15 2013 12:00:00',86,694.75,'542798'),
(422,'Sep 15 2013 12:00:00',73,570.00,'542799'),
(423,'Sep 16 2013 12:00:00',25,2301.75,'542800'),
(424,'Sep 17 2013 12:00:00',26,920.10,'542801'),
(425,'Sep 17 2013 12:00:00',5,4210.50,'542802'),
(426,'Sep 18 2013 12:00:00',90,412.35,'542803'),
(427,'Sep 18 2013 12:00:00',38,45.00,'542804'),
(428,'Sep 19 2013 12:00:00',25,1423.00,'542805'),
(429,'Sep 22 2013 12:00:00',80,534.85,'542806'),
(430,'Sep 22 2013 12:00:00',3,956.90,'542807'),
(431,'Sep 23 2013 12:00:00',71,5256.50,'542808'),
(432,'Sep 23 2013 12:00:00',7,660.00,'542809'),
(433,'Sep 24 2013 12:00:00',55,1682.50,'542810'),
(434,'Sep 25 2013 12:00:00',32,1327.00,'542811'),
(435,'Sep 25 2013 12:00:00',3,375.50,'542812'),
(436,'Sep 26 2013 12:00:00',18,63.00,'542813'),
(437,'Sep 26 2013 12:00:00',56,1768.00,'542814'),
(438,'Sep 29 2013 12:00:00',31,801.10,'542815'),
(439,'Sep 30 2013 12:00:00',59,1638.45,'542816'),
(440,'Sep 30 2013 12:00:00',37,6201.90,'542817'),
(441,'Oct  1 2013 12:00:00',83,3490.00,'542818'),
(442,'Oct  1 2013 12:00:00',5,630.00,'542819'),
(443,'Oct  2 2013 12:00:00',34,1150.00,'542820'),
(444,'Oct  3 2013 12:00:00',63,10164.80,'542821'),
(445,'Oct  3 2013 12:00:00',1,878.00,'542822'),
(446,'Oct  6 2013 12:00:00',89,2334.00,'542823'),
(447,'Oct  6 2013 12:00:00',63,4825.00,'542824'),
(448,'Oct  7 2013 12:00:00',90,642.00,'542825'),
(449,'Oct  8 2013 12:00:00',89,996.00,'542826'),
(450,'Oct  8 2013 12:00:00',47,1073.90,'542827'),
(451,'Oct  9 2013 12:00:00',20,3600.73,'542828'),
(452,'Oct  9 2013 12:00:00',52,114.00,'542829'),
(453,'Oct 10 2013 12:00:00',71,2048.00,'542830'),
(454,'Oct 13 2013 12:00:00',37,3370.00,'542831'),
(455,'Oct 13 2013 12:00:00',1,330.00,'542832'),
(456,'Oct 14 2013 12:00:00',24,2545.00,'542833'),
(457,'Oct 14 2013 12:00:00',62,595.50,'542834'),
(458,'Oct 15 2013 12:00:00',35,378.00,'542835'),
(459,'Oct 16 2013 12:00:00',55,1893.00,'542836'),
(460,'Oct 16 2013 12:00:00',4,1704.00,'542837'),
(461,'Oct 17 2013 12:00:00',77,180.40,'542838'),
(462,'Oct 17 2013 12:00:00',31,3424.00,'542839'),
(463,'Oct 20 2013 12:00:00',27,93.50,'542840'),
(464,'Oct 21 2013 12:00:00',71,4451.70,'542841'),
(465,'Oct 21 2013 12:00:00',37,1238.40,'542842'),
(466,'Oct 22 2013 12:00:00',71,2827.90,'542843'),
(467,'Oct 22 2013 12:00:00',71,2941.00,'542844'),
(468,'Oct 23 2013 12:00:00',9,1296.00,'542845'),
(469,'Oct 24 2013 12:00:00',64,706.00,'542846'),
(470,'Oct 24 2013 12:00:00',25,1331.75,'542847'),
(471,'Oct 27 2013 12:00:00',39,3463.00,'542848'),
(472,'Oct 27 2013 12:00:00',45,1125.67,'542849'),
(473,'Oct 28 2013 12:00:00',61,550.00,'542850'),
(474,'Oct 29 2013 12:00:00',63,972.50,'542851'),
(475,'Oct 29 2013 12:00:00',71,1570.00,'542852'),
(476,'Oct 30 2013 12:00:00',89,468.45,'542853'),
(477,'Oct 30 2013 12:00:00',51,638.50,'542854'),
(478,'Oct 31 2013 12:00:00',21,287.80,'542855'),
(479,'Nov  3 2013 12:00:00',19,655.00,'542856'),
(480,'Nov  3 2013 12:00:00',66,1710.00,'542857'),
(481,'Nov  4 2013 12:00:00',62,1296.75,'542858'),
(482,'Nov  4 2013 12:00:00',47,1850.00,'542859'),
(483,'Nov  5 2013 12:00:00',9,509.75,'542860'),
(484,'Nov  6 2013 12:00:00',14,1990.00,'542861'),
(485,'Nov  6 2013 12:00:00',9,360.00,'542862'),
(486,'Nov  7 2013 12:00:00',5,1459.00,'542863'),
(487,'Nov  7 2013 12:00:00',31,1498.35,'542864'),
(488,'Nov 10 2013 12:00:00',45,596.00,'542865'),
(489,'Nov 11 2013 12:00:00',37,997.00,'542866'),
(490,'Nov 11 2013 12:00:00',85,139.80,'542867'),
(491,'Nov 12 2013 12:00:00',74,52.35,'542868'),
(492,'Nov 12 2013 12:00:00',85,240.00,'542869'),
(493,'Nov 13 2013 12:00:00',89,1770.00,'542870'),
(494,'Nov 14 2013 12:00:00',4,285.00,'542871'),
(495,'Nov 14 2013 12:00:00',10,3118.00,'542872'),
(496,'Nov 17 2013 12:00:00',4,336.00,'542873'),
(497,'Nov 17 2013 12:00:00',83,920.00,'542874'),
(498,'Nov 18 2013 12:00:00',63,4529.80,'542875'),
(499,'Nov 19 2013 12:00:00',14,2311.70,'542876'),
(500,'Nov 19 2013 12:00:00',59,1912.85,'542877'),
(501,'Nov 20 2013 12:00:00',71,2196.00,'542878'),
(502,'Nov 20 2013 12:00:00',38,1080.00,'542879'),
(503,'Nov 21 2013 12:00:00',87,1871.25,'542880'),
(504,'Nov 24 2013 12:00:00',68,1701.46,'542881'),
(505,'Nov 24 2013 12:00:00',53,252.00,'542882'),
(506,'Nov 25 2013 12:00:00',27,88.00,'542883'),
(507,'Nov 25 2013 12:00:00',49,55.20,'542884'),
(508,'Nov 26 2013 12:00:00',9,2598.00,'542885'),
(509,'Nov 27 2013 12:00:00',75,2487.50,'542886'),
(510,'Nov 27 2013 12:00:00',71,3082.00,'542887'),
(511,'Nov 28 2013 12:00:00',68,1644.60,'542888'),
(512,'Nov 28 2013 12:00:00',2,320.00,'542889'),
(513,'Dec  1 2013 12:00:00',50,3304.00,'542890'),
(514,'Dec  2 2013 12:00:00',65,629.50,'542891'),
(515,'Dec  2 2013 12:00:00',24,4337.00,'542892'),
(516,'Dec  3 2013 12:00:00',23,616.00,'542893'),
(517,'Dec  3 2013 12:00:00',20,2540.00,'542894'),
(518,'Dec  4 2013 12:00:00',63,1684.00,'542895'),
(519,'Dec  5 2013 12:00:00',56,2310.00,'542896'),
(520,'Dec  5 2013 12:00:00',76,28.00,'542897'),
(521,'Dec  8 2013 12:00:00',4,1477.00,'542898'),
(522,'Dec  8 2013 12:00:00',83,1704.00,'542899'),
(523,'Dec  9 2013 12:00:00',34,315.00,'542900'),
(524,'Dec 10 2013 12:00:00',20,344.00,'542901'),
(525,'Dec 10 2013 12:00:00',44,3603.22,'542902'),
(526,'Dec 11 2013 12:00:00',20,2216.25,'542903'),
(527,'Dec 11 2013 12:00:00',24,875.00,'542904'),
(528,'Dec 12 2013 12:00:00',78,228.00,'542905'),
(529,'Dec 15 2013 12:00:00',20,6984.50,'542906'),
(530,'Dec 15 2013 12:00:00',31,280.00,'542907'),
(531,'Dec 16 2013 12:00:00',5,96.50,'542908'),
(532,'Dec 16 2013 12:00:00',52,1335.00,'542909'),
(533,'Dec 16 2013 12:00:00',46,720.00,'542910'),
(534,'Dec 17 2013 12:00:00',87,1132.35,'542911'),
(535,'Dec 17 2013 12:00:00',12,12.50,'542912'),
(536,'Dec 18 2013 12:00:00',34,1442.50,'542913'),
(537,'Dec 18 2013 12:00:00',49,1650.00,'542914'),
(538,'Dec 18 2013 12:00:00',33,387.50,'542915'),
(539,'Dec 19 2013 12:00:00',62,1913.85,'542916'),
(540,'Dec 19 2013 12:00:00',41,2760.80,'542917'),
(541,'Dec 22 2013 12:00:00',63,770.00,'542918'),
(542,'Dec 22 2013 12:00:00',23,3687.00,'542919'),
(543,'Dec 22 2013 12:00:00',31,850.00,'542920'),
(544,'Dec 23 2013 12:00:00',25,1926.06,'542921'),
(545,'Dec 23 2013 12:00:00',91,399.85,'542922'),
(546,'Dec 24 2013 12:00:00',4,191.10,'542923'),
(547,'Dec 24 2013 12:00:00',61,393.45,'542924'),
(548,'Dec 24 2013 12:00:00',20,2499.25,'542925'),
(549,'Dec 25 2013 12:00:00',35,2878.08,'542926'),
(550,'Dec 25 2013 12:00:00',17,420.00,'542927'),
(551,'Dec 26 2013 12:00:00',38,446.60,'542928'),
(552,'Dec 26 2013 12:00:00',39,1585.00,'542929'),
(553,'Dec 26 2013 12:00:00',72,1632.15,'542930'),
(554,'Dec 29 2013 12:00:00',8,4035.80,'542931'),
(555,'Dec 29 2013 12:00:00',73,3923.75,'542932'),
(556,'Dec 30 2013 12:00:00',88,1255.80,'542933'),
(557,'Dec 30 2013 12:00:00',72,2290.40,'542934'),
(558,'Dec 30 2013 12:00:00',77,2775.00,'542935'),
(559,'Dec 31 2013 12:00:00',84,572.10,'542936'),
(560,'Dec 31 2013 12:00:00',27,18.40,'542937'),
(561,'Jan  1 2014 12:00:00',55,1660.00,'542938'),
(562,'Jan  1 2014 12:00:00',88,140.00,'542939'),
(563,'Jan  1 2014 12:00:00',42,187.00,'542940'),
(564,'Jan  2 2014 12:00:00',47,852.00,'542941'),
(565,'Jan  2 2014 12:00:00',66,1852.00,'542942'),
(566,'Jan  5 2014 12:00:00',67,648.00,'542943'),
(567,'Jan  5 2014 12:00:00',84,2070.00,'542944'),
(568,'Jan  5 2014 12:00:00',71,40.00,'542945'),
(569,'Jan  6 2014 12:00:00',32,8891.00,'542946'),
(570,'Jan  6 2014 12:00:00',39,11490.70,'542947'),
(571,'Jan  7 2014 12:00:00',49,833.00,'542948'),
(572,'Jan  7 2014 12:00:00',12,477.00,'542949'),
(573,'Jan  7 2014 12:00:00',65,1140.00,'542950'),
(574,'Jan  8 2014 12:00:00',75,678.00,'542951'),
(575,'Jan  8 2014 12:00:00',82,237.90,'542952'),
(576,'Jan  9 2014 12:00:00',46,3107.50,'542953'),
(577,'Jan  9 2014 12:00:00',24,250.80,'542954'),
(578,'Jan  9 2014 12:00:00',17,1030.76,'542955'),
(579,'Jan 12 2014 12:00:00',7,730.00,'542956'),
(580,'Jan 12 2014 12:00:00',9,843.00,'542957'),
(581,'Jan 13 2014 12:00:00',64,932.00,'542958'),
(582,'Jan 13 2014 12:00:00',38,1764.00,'542959'),
(583,'Jan 13 2014 12:00:00',81,1974.00,'542960'),
(584,'Jan 14 2014 12:00:00',70,2684.40,'542961'),
(585,'Jan 14 2014 12:00:00',41,568.95,'542962'),
(586,'Jan 15 2014 12:00:00',56,1007.70,'542963'),
(587,'Jan 15 2014 12:00:00',81,1508.12,'542964'),
(588,'Jan 15 2014 12:00:00',1,851.00,'542965'),
(589,'Jan 16 2014 12:00:00',20,4705.50,'542966'),
(590,'Jan 16 2014 12:00:00',5,1254.00,'542967'),
(591,'Jan 19 2014 12:00:00',47,2584.50,'542968'),
(592,'Jan 19 2014 12:00:00',81,919.50,'542969'),
(593,'Jan 19 2014 12:00:00',47,264.00,'542970'),
(594,'Jan 20 2014 12:00:00',76,4581.00,'542971'),
(595,'Jan 20 2014 12:00:00',80,975.00,'542972'),
(596,'Jan 21 2014 12:00:00',84,212.00,'542973'),
(597,'Jan 21 2014 12:00:00',59,735.00,'542974'),
(598,'Jan 21 2014 12:00:00',63,4059.00,'542975'),
(599,'Jan 22 2014 12:00:00',76,1112.00,'542976'),
(600,'Jan 22 2014 12:00:00',71,6164.90,'542977'),
(601,'Jan 23 2014 12:00:00',16,931.50,'542978'),
(602,'Jan 23 2014 12:00:00',39,1052.14,'542979'),
(603,'Jan 23 2014 12:00:00',84,740.00,'542980'),
(604,'Jan 26 2014 12:00:00',67,2740.00,'542981'),
(605,'Jan 26 2014 12:00:00',65,2984.00,'542982'),
(606,'Jan 27 2014 12:00:00',6,625.00,'542983'),
(607,'Jan 27 2014 12:00:00',20,3490.00,'542984'),
(608,'Jan 27 2014 12:00:00',55,2275.25,'542985'),
(609,'Jan 28 2014 12:00:00',3,660.00,'542986'),
(610,'Jan 28 2014 12:00:00',5,2630.95,'542987'),
(611,'Jan 29 2014 12:00:00',40,649.00,'542988'),
(612,'Jan 29 2014 12:00:00',25,1438.25,'542989'),
(613,'Jan 29 2014 12:00:00',26,519.00,'542990'),
(614,'Jan 30 2014 12:00:00',89,3523.40,'542991'),
(615,'Jan 30 2014 12:00:00',44,581.00,'542992'),
(616,'Feb  2 2014 12:00:00',35,519.00,'542993'),
(617,'Feb  2 2014 12:00:00',4,282.00,'542994'),
(618,'Feb  2 2014 12:00:00',63,17250.00,'542995'),
(619,'Feb  3 2014 12:00:00',5,1461.60,'542996'),
(620,'Feb  3 2014 12:00:00',48,98.40,'542997'),
(621,'Feb  4 2014 12:00:00',62,2004.60,'542998'),
(622,'Feb  4 2014 12:00:00',72,1630.00,'542999'),
(623,'Feb  4 2014 12:00:00',91,160.00,'543000'),
(624,'Feb  5 2014 12:00:00',9,2083.40,'543001'),
(625,'Feb  5 2014 12:00:00',30,2166.80,'543002'),
(626,'Feb  6 2014 12:00:00',90,336.80,'543003'),
(627,'Feb  6 2014 12:00:00',30,310.00,'543004'),
(628,'Feb  6 2014 12:00:00',5,729.50,'543005'),
(629,'Feb  9 2014 12:00:00',9,917.00,'543006'),
(630,'Feb  9 2014 12:00:00',67,2086.00,'543007'),
(631,'Feb 10 2014 12:00:00',63,1620.00,'543008'),
(632,'Feb 10 2014 12:00:00',90,611.30,'543009'),
(633,'Feb 10 2014 12:00:00',24,1875.00,'543010'),
(634,'Feb 11 2014 12:00:00',12,150.00,'543011'),
(635,'Feb 11 2014 12:00:00',71,988.40,'543012'),
(636,'Feb 12 2014 12:00:00',48,36.00,'543013'),
(637,'Feb 12 2014 12:00:00',45,1450.60,'543014'),
(638,'Feb 12 2014 12:00:00',76,1209.00,'543015'),
(639,'Feb 13 2014 12:00:00',34,3127.50,'543016'),
(640,'Feb 13 2014 12:00:00',29,70.00,'543017'),
(641,'Feb 16 2014 12:00:00',30,605.00,'543018'),
(642,'Feb 16 2014 12:00:00',65,11380.00,'543019'),
(643,'Feb 16 2014 12:00:00',18,860.10,'543020'),
(644,'Feb 17 2014 12:00:00',44,388.35,'543021'),
(645,'Feb 17 2014 12:00:00',50,2200.00,'543022'),
(646,'Feb 18 2014 12:00:00',39,5502.11,'543023'),
(647,'Feb 18 2014 12:00:00',71,2898.00,'543024'),
(648,'Feb 18 2014 12:00:00',20,6379.40,'543025'),
(649,'Feb 19 2014 12:00:00',50,750.50,'543026'),
(650,'Feb 19 2014 12:00:00',37,10835.24,'543027'),
(651,'Feb 20 2014 12:00:00',54,30.00,'543028'),
(652,'Feb 20 2014 12:00:00',46,144.00,'543029'),
(653,'Feb 20 2014 12:00:00',88,45.00,'543030'),
(654,'Feb 23 2014 12:00:00',35,934.50,'543031'),
(655,'Feb 23 2014 12:00:00',24,1015.80,'543032'),
(656,'Feb 24 2014 12:00:00',34,932.05,'543033'),
(657,'Feb 24 2014 12:00:00',89,1924.25,'543034'),
(658,'Feb 24 2014 12:00:00',88,360.00,'543035'),
(659,'Feb 25 2014 12:00:00',91,427.50,'543036'),
(660,'Feb 25 2014 12:00:00',74,108.50,'543037'),
(661,'Feb 26 2014 12:00:00',66,698.00,'543038'),
(662,'Feb 26 2014 12:00:00',70,670.00,'543039'),
(663,'Feb 26 2014 12:00:00',90,452.90,'543040'),
(664,'Feb 26 2014 12:00:00',30,858.00,'543041'),
(665,'Feb 26 2014 12:00:00',37,8267.40,'543042'),
(666,'Feb 26 2014 12:00:00',62,958.75,'543043'),
(667,'Feb 27 2014 12:00:00',62,537.50,'543044'),
(668,'Feb 27 2014 12:00:00',80,539.50,'543045'),
(669,'Feb 27 2014 12:00:00',64,686.70,'543046'),
(670,'Mar  2 2014 12:00:00',69,365.89,'543047'),
(671,'Mar  2 2014 12:00:00',10,1930.00,'543048'),
(672,'Mar  2 2014 12:00:00',47,1122.80,'543049'),
(673,'Mar  3 2014 12:00:00',4,390.00,'543050'),
(674,'Mar  3 2014 12:00:00',83,1936.00,'543051'),
(675,'Mar  3 2014 12:00:00',34,742.50,'543052'),
(676,'Mar  3 2014 12:00:00',41,936.00,'543053'),
(677,'Mar  4 2014 12:00:00',5,2034.50,'543054'),
(678,'Mar  4 2014 12:00:00',34,559.00,'543055'),
(679,'Mar  4 2014 12:00:00',2,514.40,'543056'),
(680,'Mar  5 2014 12:00:00',40,800.00,'543057'),
(681,'Mar  5 2014 12:00:00',29,137.50,'543058'),
(682,'Mar  5 2014 12:00:00',25,1174.75,'543059'),
(683,'Mar  6 2014 12:00:00',76,2455.00,'543060'),
(684,'Mar  6 2014 12:00:00',68,837.00,'543061'),
(685,'Mar  6 2014 12:00:00',9,1925.50,'543062'),
(686,'Mar  6 2014 12:00:00',38,920.60,'543063'),
(687,'Mar  9 2014 12:00:00',44,500.00,'543064'),
(688,'Mar  9 2014 12:00:00',88,700.00,'543065'),
(689,'Mar  9 2014 12:00:00',32,570.00,'543066'),
(690,'Mar 10 2014 12:00:00',12,644.80,'543067'),
(691,'Mar 10 2014 12:00:00',63,3642.50,'543068'),
(692,'Mar 10 2014 12:00:00',49,750.00,'543069'),
(693,'Mar 11 2014 12:00:00',9,360.00,'543070'),
(694,'Mar 11 2014 12:00:00',71,4769.00,'543071'),
(695,'Mar 11 2014 12:00:00',66,560.00,'543072'),
(696,'Mar 11 2014 12:00:00',11,711.00,'543073'),
(697,'Mar 12 2014 12:00:00',10,1139.10,'543074'),
(698,'Mar 12 2014 12:00:00',52,245.00,'543075'),
(699,'Mar 12 2014 12:00:00',83,1407.50,'543076'),
(700,'Mar 13 2014 12:00:00',11,220.00,'543077'),
(701,'Mar 13 2014 12:00:00',30,2362.25,'543078'),
(702,'Mar 13 2014 12:00:00',10,4422.00,'543079'),
(703,'Mar 16 2014 12:00:00',49,110.00,'543080'),
(704,'Mar 16 2014 12:00:00',68,482.90,'543081'),
(705,'Mar 16 2014 12:00:00',1,491.20,'543082'),
(706,'Mar 16 2014 12:00:00',4,4675.00,'543083'),
(707,'Mar 17 2014 12:00:00',47,1902.10,'543084'),
(708,'Mar 17 2014 12:00:00',24,93.00,'543085'),
(709,'Mar 17 2014 12:00:00',6,677.00,'543086'),
(710,'Mar 18 2014 12:00:00',35,1762.70,'543087'),
(711,'Mar 18 2014 12:00:00',54,781.00,'543088'),
(712,'Mar 18 2014 12:00:00',31,155.00,'543089'),
(713,'Mar 19 2014 12:00:00',35,276.60,'543090'),
(714,'Mar 19 2014 12:00:00',62,1122.00,'543091'),
(715,'Mar 19 2014 12:00:00',63,3584.00,'543092'),
(716,'Mar 19 2014 12:00:00',28,68.00,'543093'),
(717,'Mar 20 2014 12:00:00',74,2052.50,'543094'),
(718,'Mar 20 2014 12:00:00',55,848.00,'543095'),
(719,'Mar 20 2014 12:00:00',14,1255.60,'543096'),
(720,'Mar 23 2014 12:00:00',79,910.40,'543097'),
(721,'Mar 23 2014 12:00:00',20,1408.00,'543098'),
(722,'Mar 23 2014 12:00:00',15,108.00,'543099'),
(723,'Mar 24 2014 12:00:00',8,280.00,'543100'),
(724,'Mar 24 2014 12:00:00',26,1733.06,'543101'),
(725,'Mar 24 2014 12:00:00',40,251.50,'543102'),
(726,'Mar 24 2014 12:00:00',40,291.55,'543103'),
(727,'Mar 25 2014 12:00:00',75,439.00,'543104'),
(728,'Mar 25 2014 12:00:00',10,717.50,'543105'),
(729,'Mar 25 2014 12:00:00',35,912.00,'543106'),
(730,'Mar 26 2014 12:00:00',24,2233.00,'543107'),
(731,'Mar 26 2014 12:00:00',50,1500.70,'543108'),
(732,'Mar 26 2014 12:00:00',20,4813.50,'543109'),
(733,'Mar 27 2014 12:00:00',24,310.00,'543110'),
(734,'Mar 27 2014 12:00:00',34,15810.00,'543111'),
(735,'Mar 27 2014 12:00:00',10,1014.00,'543112'),
(736,'Mar 27 2014 12:00:00',71,796.50,'543113'),
(737,'Mar 30 2014 12:00:00',71,1809.75,'543114'),
(738,'Mar 30 2014 12:00:00',37,2248.20,'543115'),
(739,'Mar 30 2014 12:00:00',54,2220.00,'543116'),
(740,'Mar 31 2014 12:00:00',19,2772.00,'543117'),
(741,'Mar 31 2014 12:00:00',65,3772.00,'543118'),
(742,'Mar 31 2014 12:00:00',61,1353.60,'543119'),
(743,'Apr  1 2014 12:00:00',20,4931.00,'543120'),
(744,'Apr  1 2014 12:00:00',63,2870.00,'543121'),
(745,'Apr  1 2014 12:00:00',77,69.60,'543122'),
(746,'Apr  1 2014 12:00:00',24,6527.25,'543123'),
(747,'Apr  2 2014 12:00:00',83,990.00,'543124'),
(748,'Apr  2 2014 12:00:00',58,1196.00,'543125'),
(749,'Apr  2 2014 12:00:00',63,560.00,'543126'),
(750,'Apr  3 2014 12:00:00',46,1980.00,'543127'),
(751,'Apr  3 2014 12:00:00',91,686.00,'543128'),
(752,'Apr  3 2014 12:00:00',56,1261.00,'543129'),
(753,'Apr  6 2014 12:00:00',65,1075.00,'543130'),
(754,'Apr  6 2014 12:00:00',24,2769.00,'543131'),
(755,'Apr  6 2014 12:00:00',71,1902.00,'543132'),
(756,'Apr  6 2014 12:00:00',78,326.00,'543133'),
(757,'Apr  7 2014 12:00:00',50,295.38,'543134'),
(758,'Apr  7 2014 12:00:00',90,586.00,'543135'),
(759,'Apr  7 2014 12:00:00',32,391.58,'543136'),
(760,'Apr  8 2014 12:00:00',60,2633.90,'543137'),
(761,'Apr  8 2014 12:00:00',20,4903.50,'543138'),
(762,'Apr  8 2014 12:00:00',30,702.00,'543139'),
(763,'Apr  9 2014 12:00:00',66,645.00,'543140'),
(764,'Apr  9 2014 12:00:00',1,960.00,'543141'),
(765,'Apr  9 2014 12:00:00',25,2974.00,'543142'),
(766,'Apr  9 2014 12:00:00',69,361.00,'543143'),
(767,'Apr 10 2014 12:00:00',47,270.20,'543144'),
(768,'Apr 10 2014 12:00:00',70,622.35,'543145'),
(769,'Apr 10 2014 12:00:00',4,491.50,'543146'),
(770,'Apr 13 2014 12:00:00',20,6750.00,'543147'),
(771,'Apr 13 2014 12:00:00',48,1575.00,'543148'),
(772,'Apr 13 2014 12:00:00',64,76.00,'543149'),
(773,'Apr 14 2014 12:00:00',56,744.00,'543150'),
(774,'Apr 14 2014 12:00:00',63,6941.49,'543151'),
(775,'Apr 14 2014 12:00:00',34,1402.00,'543152'),
(776,'Apr 14 2014 12:00:00',11,1500.00,'543153'),
(777,'Apr 15 2014 12:00:00',19,1966.81,'543154'),
(778,'Apr 15 2014 12:00:00',87,300.00,'543155'),
(779,'Apr 15 2014 12:00:00',27,1030.00,'543156'),
(780,'Apr 16 2014 12:00:00',10,1170.30,'543157'),
(781,'Apr 16 2014 12:00:00',39,2160.00,'543158'),
(782,'Apr 16 2014 12:00:00',14,1286.80,'543159'),
(783,'Apr 17 2014 12:00:00',71,16321.90,'543160'),
(784,'Apr 17 2014 12:00:00',71,2393.50,'543161'),
(785,'Apr 17 2014 12:00:00',89,8902.50,'543162'),
(786,'Apr 17 2014 12:00:00',68,3592.00,'543163'),
(787,'Apr 20 2014 12:00:00',55,554.40,'543164'),
(788,'Apr 20 2014 12:00:00',76,1754.50,'543165'),
(789,'Apr 20 2014 12:00:00',17,1692.00,'543166'),
(790,'Apr 21 2014 12:00:00',30,60.00,'543167'),
(791,'Apr 21 2014 12:00:00',76,751.00,'543168'),
(792,'Apr 21 2014 12:00:00',47,3090.00,'543169'),
(793,'Apr 22 2014 12:00:00',32,200.00,'543170'),
(794,'Apr 22 2014 12:00:00',14,1887.00,'543171'),
(795,'Apr 22 2014 12:00:00',15,405.75,'543172'),
(796,'Apr 22 2014 12:00:00',74,210.00,'543173'),
(797,'Apr 23 2014 12:00:00',91,591.60,'543174'),
(798,'Apr 23 2014 12:00:00',10,1309.50,'543175'),
(799,'Apr 23 2014 12:00:00',86,1564.00,'543176'),
(800,'Apr 24 2014 12:00:00',19,1090.50,'543177'),
(801,'Apr 24 2014 12:00:00',10,525.00,'543178'),
(802,'Apr 24 2014 12:00:00',31,342.00,'543179'),
(803,'Apr 27 2014 12:00:00',24,900.00,'543180'),
(804,'Apr 27 2014 12:00:00',41,45.00,'543181'),
(805,'Apr 27 2014 12:00:00',34,1665.00,'543182'),
(806,'Apr 27 2014 12:00:00',59,3658.75,'543183'),
(807,'Apr 28 2014 12:00:00',12,305.00,'543184'),
(808,'Apr 28 2014 12:00:00',35,1727.50,'543185'),
(809,'Apr 28 2014 12:00:00',19,3740.00,'543186'),
(810,'Apr 29 2014 12:00:00',53,45.00,'543187'),
(811,'Apr 29 2014 12:00:00',6,858.00,'543188'),
(812,'Apr 29 2014 12:00:00',67,1838.00,'543189'),
(813,'Apr 30 2014 12:00:00',27,266.00,'543190'),
(814,'Apr 30 2014 12:00:00',32,510.00,'543191'),
(815,'Apr 30 2014 12:00:00',66,508.00,'543192'),
(816,'Apr 30 2014 12:00:00',37,1445.50,'543193'),
(817,'May  1 2014 12:00:00',71,4722.30,'543194'),
(818,'May  1 2014 12:00:00',46,252.56,'543195'),
(819,'May  1 2014 12:00:00',89,928.75,'543196'),
(820,'May  4 2014 12:00:00',17,86.85,'543197'),
(821,'May  4 2014 12:00:00',62,2384.80,'543198'),
(822,'May  4 2014 12:00:00',80,360.00,'543199'),
(823,'May  5 2014 12:00:00',44,1873.50,'543200'),
(824,'May  5 2014 12:00:00',46,510.00,'543201'),
(825,'May  5 2014 12:00:00',20,5218.00,'543202'),
(826,'May  5 2014 12:00:00',58,300.00,'543203'),
(827,'May  6 2014 12:00:00',73,244.30,'543204'),
(828,'May  6 2014 12:00:00',68,586.00,'543205'),
(829,'May  6 2014 12:00:00',9,1057.00,'543206'),
(830,'May  6 2014 12:00:00',65,1374.60,'543207');

update Orders set OrderDate = str_to_date(OrderDate, '%M %d %Y %H:%i:%s');
alter table Orders modify column OrderDate datetime;

INSERT INTO OrderItem (Id,OrderId,ProductId,UnitPrice,Quantity)VALUES 
(1,1,11,14.00,12),
(2,1,42,9.80,10),
(3,1,72,34.80,5),
(4,2,14,18.60,9),
(5,2,51,42.40,40),
(6,3,41,7.70,10),
(7,3,51,42.40,35),
(8,3,65,16.80,15),
(9,4,22,16.80,6),
(10,4,57,15.60,15),
(11,4,65,16.80,20),
(12,5,20,64.80,40),
(13,5,33,2.00,25),
(14,5,60,27.20,40),
(15,6,31,10.00,20),
(16,6,39,14.40,42),
(17,6,49,16.00,40),
(18,7,24,3.60,15),
(19,7,55,19.20,21),
(20,7,74,8.00,21),
(21,8,2,15.20,20),
(22,8,16,13.90,35),
(23,8,36,15.20,25),
(24,8,59,44.00,30),
(25,9,53,26.20,15),
(26,9,77,10.40,12),
(27,10,27,35.10,25),
(28,10,39,14.40,6),
(29,10,77,10.40,15),
(30,11,2,15.20,50),
(31,11,5,17.00,65),
(32,11,32,25.60,6),
(33,12,21,8.00,10),
(34,12,37,20.80,1),
(35,13,41,7.70,16),
(36,13,57,15.60,50),
(37,13,62,39.40,15),
(38,13,70,12.00,21),
(39,14,21,8.00,20),
(40,14,35,14.40,20),
(41,15,5,17.00,12),
(42,15,7,24.00,15),
(43,15,56,30.40,2),
(44,16,16,13.90,60),
(45,16,24,3.60,28),
(46,16,30,20.70,60),
(47,16,74,8.00,36),
(48,17,2,15.20,35),
(49,17,41,7.70,25),
(50,18,17,31.20,30),
(51,18,70,12.00,20),
(52,19,12,30.40,12),
(53,20,40,14.70,50),
(54,20,59,44.00,70),
(55,20,76,14.40,15),
(56,21,29,99.00,10),
(57,21,72,27.80,4),
(58,22,33,2.00,60),
(59,22,72,27.80,20),
(60,23,36,15.20,30),
(61,23,43,36.80,25),
(62,24,33,2.00,24),
(63,25,20,64.80,6),
(64,25,31,10.00,40),
(65,25,72,27.80,24),
(66,26,10,24.80,24),
(67,26,31,10.00,15),
(68,26,33,2.00,20),
(69,26,40,14.70,60),
(70,26,76,14.40,33),
(71,27,71,17.20,20),
(72,27,72,27.80,7),
(73,28,24,3.60,12),
(74,28,59,44.00,6),
(75,29,10,24.80,15),
(76,29,13,4.80,10),
(77,30,28,36.40,20),
(78,30,62,39.40,12),
(79,31,44,15.50,16),
(80,31,59,44.00,15),
(81,31,63,35.10,8),
(82,31,73,12.00,25),
(83,32,17,31.20,15),
(84,33,24,3.60,12),
(85,33,55,19.20,20),
(86,33,75,6.20,30),
(87,34,19,7.30,1),
(88,34,24,3.60,6),
(89,34,35,14.40,4),
(90,35,30,20.70,6),
(91,35,57,15.60,2),
(92,36,15,12.40,20),
(93,36,19,7.30,18),
(94,36,60,27.20,35),
(95,36,72,27.80,3),
(96,37,27,35.10,15),
(97,37,44,15.50,21),
(98,37,60,27.20,20),
(99,37,67,11.20,5),
(100,38,1,14.40,45),
(101,38,40,14.70,40),
(102,38,53,26.20,36),
(103,39,35,14.40,100),
(104,39,62,39.40,40),
(105,40,16,13.90,40),
(106,40,34,11.20,20),
(107,40,46,9.60,15),
(108,41,54,5.90,10),
(109,41,68,10.00,3),
(110,42,3,8.00,30),
(111,42,64,26.60,9),
(112,43,5,17.00,20),
(113,43,29,99.00,15),
(114,43,49,16.00,15),
(115,43,77,10.40,10),
(116,44,13,4.80,20),
(117,44,44,15.50,24),
(118,44,51,42.40,2),
(119,45,20,64.80,20),
(120,46,18,50.00,12),
(121,46,24,3.60,10),
(122,46,63,35.10,5),
(123,46,75,6.20,6),
(124,47,1,14.40,18),
(125,47,17,31.20,15),
(126,47,43,36.80,15),
(127,47,60,27.20,21),
(128,47,75,6.20,6),
(129,48,56,30.40,4),
(130,49,11,16.80,12),
(131,49,16,13.90,30),
(132,49,69,28.80,15),
(133,50,39,14.40,60),
(134,50,72,27.80,20),
(135,51,2,15.20,40),
(136,51,36,15.20,40),
(137,51,59,44.00,30),
(138,51,62,39.40,15),
(139,52,19,7.30,15),
(140,52,70,12.00,20),
(141,53,66,13.60,30),
(142,53,68,10.00,20),
(143,54,40,14.70,10),
(144,54,56,30.40,20),
(145,55,17,31.20,40),
(146,55,28,36.40,28),
(147,55,43,36.80,12),
(148,56,40,14.70,40),
(149,56,65,16.80,30),
(150,56,68,10.00,15),
(151,57,49,16.00,30),
(152,57,59,44.00,10),
(153,57,71,17.20,2),
(154,58,18,50.00,25),
(155,58,29,99.00,25),
(156,58,39,14.40,30),
(157,59,30,20.70,10),
(158,59,53,26.20,10),
(159,59,54,5.90,5),
(160,60,62,39.40,10),
(161,60,68,10.00,3),
(162,61,69,28.80,1),
(163,61,70,12.00,5),
(164,62,4,17.60,20),
(165,62,6,20.00,30),
(166,62,42,11.20,2),
(167,62,43,36.80,20),
(168,62,71,17.20,3),
(169,63,16,13.90,10),
(170,63,62,39.40,5),
(171,64,42,11.20,6),
(172,64,69,28.80,7),
(173,65,28,36.40,4),
(174,65,43,36.80,24),
(175,65,53,26.20,20),
(176,65,75,6.20,10),
(177,66,36,15.20,12),
(178,67,32,25.60,40),
(179,67,58,10.60,30),
(180,67,62,39.40,25),
(181,68,34,11.20,14),
(182,68,70,12.00,30),
(183,69,41,7.70,10),
(184,69,62,39.40,70),
(185,70,1,14.40,20),
(186,71,41,7.70,20),
(187,71,76,14.40,6),
(188,72,17,31.20,8),
(189,72,28,36.40,14),
(190,72,76,14.40,30),
(191,73,71,17.20,30),
(192,74,35,14.40,10),
(193,75,52,5.60,20),
(194,76,15,12.40,5),
(195,76,25,11.20,4),
(196,76,39,14.40,4),
(197,77,16,13.90,21),
(198,77,35,14.40,70),
(199,77,46,9.60,30),
(200,77,59,44.00,40),
(201,77,63,35.10,80),
(202,78,6,20.00,6),
(203,78,13,4.80,12),
(204,78,14,18.60,9),
(205,78,31,10.00,4),
(206,78,72,27.80,40),
(207,79,4,17.60,24),
(208,79,57,15.60,16),
(209,79,75,6.20,50),
(210,80,2,15.20,25),
(211,80,11,16.80,50),
(212,80,30,20.70,35),
(213,80,58,10.60,30),
(214,81,59,44.00,9),
(215,81,65,16.80,40),
(216,81,68,10.00,10),
(217,82,19,7.30,10),
(218,82,30,20.70,8),
(219,82,38,210.80,20),
(220,82,56,30.40,12),
(221,83,26,24.90,50),
(222,83,72,27.80,25),
(223,84,54,5.90,15),
(224,85,18,50.00,40),
(225,85,42,11.20,10),
(226,85,47,7.60,16),
(227,86,14,18.60,10),
(228,86,21,8.00,10),
(229,86,71,17.20,40),
(230,87,52,5.60,8),
(231,87,68,10.00,10),
(232,88,2,15.20,7),
(233,88,31,10.00,25),
(234,88,32,25.60,6),
(235,88,51,42.40,48),
(236,89,4,17.60,18),
(237,90,23,7.20,40),
(238,90,26,24.90,24),
(239,90,36,15.20,20),
(240,90,37,20.80,28),
(241,90,72,27.80,25),
(242,91,17,31.20,20),
(243,91,30,20.70,15),
(244,92,4,17.60,10),
(245,92,17,31.20,70),
(246,92,62,39.40,28),
(247,93,18,50.00,20),
(248,93,41,7.70,12),
(249,93,43,36.80,40),
(250,94,33,2.00,8),
(251,94,59,44.00,9),
(252,95,2,15.20,24),
(253,95,31,10.00,56),
(254,95,36,15.20,40),
(255,95,55,19.20,40),
(256,96,64,26.60,50),
(257,96,68,10.00,4),
(258,96,76,14.40,15),
(259,97,4,17.60,35),
(260,97,8,32.00,70),
(261,98,8,32.00,70),
(262,98,19,7.30,80),
(263,98,42,11.20,9),
(264,99,17,31.20,36),
(265,99,56,30.40,20),
(266,100,25,11.20,10),
(267,100,39,14.40,50),
(268,100,40,14.70,4),
(269,100,75,6.20,6),
(270,101,1,14.40,15),
(271,101,23,7.20,25),
(272,102,54,5.90,24),
(273,103,50,13.00,15),
(274,103,69,28.80,18),
(275,104,38,210.80,20),
(276,104,41,7.70,13),
(277,104,44,15.50,77),
(278,104,65,16.80,10),
(279,105,24,3.60,10),
(280,105,54,5.90,20),
(281,106,11,16.80,12),
(282,106,38,210.80,50),
(283,107,1,14.40,12),
(284,107,29,99.00,4),
(285,108,24,3.60,25),
(286,108,57,15.60,25),
(287,109,31,10.00,30),
(288,109,55,19.20,12),
(289,109,69,28.80,20),
(290,110,10,24.80,30),
(291,110,26,24.90,16),
(292,110,60,27.20,8),
(293,111,24,3.60,10),
(294,111,34,11.20,10),
(295,111,36,15.20,20),
(296,112,16,13.90,56),
(297,112,31,10.00,70),
(298,112,60,27.20,80),
(299,113,28,36.40,30),
(300,113,29,99.00,35),
(301,113,38,210.80,10),
(302,113,49,16.00,35),
(303,113,54,5.90,28),
(304,114,39,14.40,54),
(305,114,60,27.20,55),
(306,115,25,11.20,50),
(307,115,51,42.40,20),
(308,115,54,5.90,24),
(309,116,31,10.00,20),
(310,116,75,6.20,12),
(311,116,76,14.40,12),
(312,117,69,28.80,30),
(313,117,71,17.20,5),
(314,118,11,16.80,24),
(315,119,65,16.80,5),
(316,119,77,10.40,5),
(317,120,34,11.20,36),
(318,120,54,5.90,18),
(319,120,65,16.80,15),
(320,120,77,10.40,7),
(321,121,21,8.00,5),
(322,121,28,36.40,13),
(323,121,57,15.60,25),
(324,121,64,26.60,35),
(325,122,29,99.00,20),
(326,122,56,30.40,18),
(327,123,1,14.40,15),
(328,123,64,26.60,30),
(329,123,74,8.00,20),
(330,124,36,15.20,6),
(331,125,20,64.80,12),
(332,125,38,210.80,40),
(333,125,60,27.20,70),
(334,125,72,27.80,42),
(335,126,58,10.60,80),
(336,126,71,17.20,50),
(337,127,31,10.00,30),
(338,127,58,10.60,15),
(339,128,14,18.60,15),
(340,128,54,5.90,10),
(341,129,31,10.00,42),
(342,130,28,36.40,20),
(343,130,39,14.40,20),
(344,131,71,17.20,6),
(345,132,41,7.70,8),
(346,132,63,35.10,16),
(347,132,65,16.80,20),
(348,133,30,20.70,18),
(349,133,53,26.20,20),
(350,133,60,27.20,6),
(351,133,70,12.00,30),
(352,134,74,8.00,14),
(353,135,5,17.00,32),
(354,135,18,50.00,9),
(355,135,29,99.00,14),
(356,135,33,2.00,60),
(357,135,74,8.00,50),
(358,136,13,4.80,20),
(359,136,50,13.00,15),
(360,136,56,30.40,20),
(361,137,20,64.80,28),
(362,137,60,27.20,15),
(363,138,7,24.00,10),
(364,138,60,27.20,20),
(365,138,68,10.00,8),
(366,139,24,3.60,15),
(367,139,34,11.20,10),
(368,140,24,3.60,15),
(369,140,28,36.40,6),
(370,140,59,44.00,12),
(371,140,71,17.20,15),
(372,141,45,7.60,15),
(373,141,52,5.60,20),
(374,141,53,26.20,40),
(375,142,10,24.80,16),
(376,142,55,19.20,15),
(377,142,62,39.40,20),
(378,142,70,12.00,30),
(379,143,31,10.00,60),
(380,143,35,14.40,40),
(381,143,46,9.60,45),
(382,143,72,27.80,24),
(383,144,13,4.80,18),
(384,145,69,28.80,50),
(385,146,2,15.20,25),
(386,146,14,18.60,42),
(387,146,25,11.20,7),
(388,146,26,24.90,70),
(389,146,31,10.00,32),
(390,147,13,4.80,10),
(391,147,62,39.40,10),
(392,148,46,9.60,28),
(393,148,53,26.20,70),
(394,148,69,28.80,8),
(395,149,23,7.20,40),
(396,149,71,17.20,60),
(397,149,72,27.80,21),
(398,150,21,8.00,10),
(399,150,51,42.40,18),
(400,151,35,14.40,30),
(401,151,55,19.20,120),
(402,152,68,10.00,60),
(403,152,71,17.20,30),
(404,152,76,14.40,35),
(405,152,77,10.40,14),
(406,153,29,99.00,21),
(407,153,35,14.40,35),
(408,153,49,16.00,30),
(409,154,30,20.70,18),
(410,154,56,30.40,70),
(411,154,65,16.80,20),
(412,154,71,17.20,60),
(413,155,23,7.20,60),
(414,155,63,35.10,65),
(415,156,16,13.90,21),
(416,156,48,10.20,70),
(417,157,26,24.90,30),
(418,157,42,11.20,40),
(419,157,49,16.00,30),
(420,158,3,8.00,50),
(421,159,1,14.40,10),
(422,159,21,8.00,30),
(423,159,28,36.40,42),
(424,159,36,15.20,5),
(425,159,40,14.70,2),
(426,160,11,16.80,30),
(427,160,69,28.80,15),
(428,160,71,17.20,15),
(429,161,37,20.80,10),
(430,161,54,5.90,6),
(431,161,62,39.40,35),
(432,162,14,18.60,12),
(433,162,21,8.00,12),
(434,163,33,2.00,49),
(435,163,59,44.00,16),
(436,164,41,7.70,25),
(437,164,44,15.50,40),
(438,164,59,44.00,9),
(439,165,14,18.60,20),
(440,166,1,14.40,24),
(441,166,62,39.40,40),
(442,166,76,14.40,14),
(443,167,19,7.30,18),
(444,167,33,2.00,50),
(445,168,17,31.20,2),
(446,168,33,2.00,20),
(447,169,19,7.30,20),
(448,169,53,26.20,10),
(449,169,57,15.60,20),
(450,170,38,210.80,50),
(451,170,46,9.60,2),
(452,170,68,10.00,36),
(453,170,77,10.40,35),
(454,171,2,15.20,60),
(455,171,47,7.60,55),
(456,171,61,22.80,16),
(457,171,74,8.00,15),
(458,172,60,27.20,60),
(459,172,69,28.80,20),
(460,173,9,77.60,20),
(461,173,13,4.80,2),
(462,173,70,12.00,8),
(463,173,73,12.00,20),
(464,174,19,7.30,4),
(465,174,26,24.90,30),
(466,174,53,26.20,15),
(467,174,77,10.40,10),
(468,175,26,24.90,2),
(469,176,31,10.00,14),
(470,176,59,44.00,20),
(471,177,35,14.40,60),
(472,177,38,210.80,49),
(473,177,68,10.00,30),
(474,178,55,19.20,10),
(475,178,76,14.40,20),
(476,179,56,30.40,5),
(477,179,64,26.60,7),
(478,180,14,18.60,35),
(479,181,46,9.60,20),
(480,182,50,13.00,40),
(481,182,63,35.10,35),
(482,183,17,31.20,45),
(483,183,21,8.00,50),
(484,183,56,30.40,30),
(485,183,59,44.00,70),
(486,184,17,31.20,50),
(487,184,40,14.70,50),
(488,184,47,7.60,30),
(489,185,26,24.90,10),
(490,185,54,5.90,40),
(491,186,56,30.40,28),
(492,187,11,16.80,6),
(493,187,76,14.40,18),
(494,188,2,15.20,10),
(495,188,22,16.80,12),
(496,188,72,27.80,10),
(497,189,46,9.60,5),
(498,189,56,30.40,40),
(499,189,64,26.60,30),
(500,189,75,6.20,24),
(501,190,53,26.20,15),
(502,191,19,7.30,15),
(503,191,34,11.20,20),
(504,191,57,15.60,15),
(505,192,12,30.40,15),
(506,192,16,13.90,16),
(507,192,64,26.60,6),
(508,192,74,8.00,30),
(509,193,2,15.20,45),
(510,193,16,13.90,49),
(511,193,29,99.00,24),
(512,193,61,22.80,90),
(513,194,27,35.10,50),
(514,195,11,16.80,30),
(515,195,54,5.90,80),
(516,195,66,13.60,60),
(517,196,11,16.80,6),
(518,196,28,36.40,12),
(519,197,17,31.20,10),
(520,197,26,24.90,15),
(521,197,35,14.40,8),
(522,197,41,7.70,30),
(523,198,39,14.40,6),
(524,198,54,5.90,15),
(525,199,19,7.30,12),
(526,199,24,3.60,20),
(527,199,31,10.00,3),
(528,199,52,5.60,15),
(529,200,19,7.30,40),
(530,200,65,16.80,35),
(531,200,71,17.20,2),
(532,201,26,24.90,6),
(533,201,40,14.70,20),
(534,202,10,24.80,14),
(535,202,52,5.60,20),
(536,202,62,39.40,35),
(537,203,10,24.80,20),
(538,203,54,5.90,6),
(539,204,55,19.20,120),
(540,204,64,26.60,35),
(541,204,65,16.80,28),
(542,204,77,10.40,55),
(543,205,28,36.40,15),
(544,205,44,15.50,100),
(545,206,48,10.20,15),
(546,206,70,12.00,25),
(547,207,16,13.90,20),
(548,207,33,2.00,20),
(549,207,46,9.60,10),
(550,208,39,14.40,20),
(551,208,53,26.20,50),
(552,208,61,22.80,25),
(553,208,71,17.20,30),
(554,209,21,8.00,40),
(555,209,49,16.00,21),
(556,210,59,44.00,36),
(557,211,26,24.90,30),
(558,211,28,36.40,30),
(559,211,43,36.80,20),
(560,211,56,30.40,15),
(561,211,71,17.20,50),
(562,212,7,24.00,16),
(563,212,46,9.60,20),
(564,212,72,27.80,40),
(565,213,68,10.00,21),
(566,213,75,6.20,4),
(567,214,21,8.00,40),
(568,214,30,20.70,28),
(569,214,55,19.20,60),
(570,215,13,4.80,1),
(571,215,23,7.20,21),
(572,216,19,7.30,21),
(573,216,42,11.20,50),
(574,217,4,17.60,16),
(575,217,43,36.80,3),
(576,217,56,30.40,30),
(577,217,60,27.20,20),
(578,218,24,3.60,25),
(579,218,29,99.00,18),
(580,218,40,14.70,20),
(581,218,45,7.60,30),
(582,218,50,13.00,25),
(583,219,11,16.80,10),
(584,219,46,9.60,5),
(585,220,24,3.60,28),
(586,220,25,11.20,12),
(587,221,30,20.70,8),
(588,221,43,36.80,15),
(589,222,2,15.20,40),
(590,222,16,13.90,35),
(591,222,44,15.50,2),
(592,223,18,50.00,30),
(593,223,23,7.20,15),
(594,223,64,26.60,8),
(595,224,7,24.00,30),
(596,224,56,30.40,20),
(597,225,24,3.60,80),
(598,225,51,42.40,18),
(599,226,33,2.00,12),
(600,226,71,17.20,12),
(601,227,14,18.60,12),
(602,227,28,36.40,18),
(603,227,40,14.70,21),
(604,227,75,6.20,10),
(605,228,31,10.00,35),
(606,228,66,13.60,60),
(607,228,76,14.40,42),
(608,229,55,19.20,2),
(609,229,70,12.00,12),
(610,230,1,14.40,15),
(611,230,21,8.00,21),
(612,230,39,14.40,20),
(613,231,10,24.80,20),
(614,232,38,210.80,30),
(615,232,53,26.20,28),
(616,232,59,44.00,60),
(617,232,64,26.60,30),
(618,233,47,7.60,30),
(619,233,59,44.00,12),
(620,234,49,16.00,24),
(621,234,60,27.20,40),
(622,235,40,14.70,10),
(623,236,34,11.20,35),
(624,236,77,10.40,30),
(625,237,21,8.00,14),
(626,237,40,14.70,10),
(627,237,51,42.40,3),
(628,238,2,15.20,20),
(629,238,3,8.00,20),
(630,238,55,19.20,30),
(631,238,70,12.00,60),
(632,239,11,16.80,5),
(633,239,51,42.40,25),
(634,239,74,8.00,16),
(635,240,19,7.30,5),
(636,240,26,24.90,30),
(637,240,54,5.90,24),
(638,241,59,44.00,30),
(639,241,73,12.00,20),
(640,242,11,16.80,15),
(641,242,16,13.90,18),
(642,243,59,44.00,60),
(643,243,68,10.00,30),
(644,243,75,6.20,36),
(645,244,44,15.50,15),
(646,244,77,10.40,7),
(647,245,25,11.20,60),
(648,245,42,11.20,20),
(649,246,65,16.80,15),
(650,246,66,13.60,10),
(651,246,69,28.80,10),
(652,247,56,30.40,30),
(653,248,23,7.20,10),
(654,248,41,7.70,20),
(655,248,77,10.40,5),
(656,249,31,10.00,20),
(657,250,56,30.40,14),
(658,250,72,27.80,25),
(659,250,77,10.40,25),
(660,251,24,4.50,14),
(661,251,40,18.40,5),
(662,251,42,14.00,30),
(663,252,28,45.60,20),
(664,252,49,20.00,25),
(665,253,15,15.50,12),
(666,253,28,45.60,8),
(667,254,54,7.45,20),
(668,255,45,9.50,21),
(669,255,53,32.80,6),
(670,255,67,14.00,30),
(671,256,14,23.25,70),
(672,256,65,21.05,20),
(673,257,2,19.00,12),
(674,257,21,10.00,12),
(675,257,53,32.80,10),
(676,257,61,28.50,25),
(677,258,62,49.30,3),
(678,259,25,14.00,18),
(679,259,70,15.00,14),
(680,260,43,46.00,15),
(681,260,48,12.75,15),
(682,261,13,6.00,10),
(683,261,39,18.00,10),
(684,262,28,45.60,3),
(685,263,29,123.79,36),
(686,263,75,7.75,36),
(687,264,4,22.00,50),
(688,264,7,30.00,50),
(689,264,8,40.00,10),
(690,265,24,4.50,10),
(691,265,46,12.00,9),
(692,265,47,9.50,6),
(693,265,60,34.00,12),
(694,266,21,10.00,40),
(695,266,32,32.00,50),
(696,266,61,28.50,15),
(697,267,20,81.00,39),
(698,267,28,45.60,35),
(699,267,56,38.00,70),
(700,267,65,21.05,39),
(701,267,75,7.75,50),
(702,268,9,97.00,16),
(703,268,16,17.45,50),
(704,268,27,43.90,120),
(705,268,33,2.50,16),
(706,268,60,34.00,84),
(707,269,18,62.50,25),
(708,269,41,9.65,80),
(709,269,42,14.00,20),
(710,270,52,7.00,6),
(711,270,59,55.00,4),
(712,270,70,15.00,6),
(713,271,24,4.50,5),
(714,271,38,263.50,15),
(715,271,44,19.45,9),
(716,272,10,31.00,16),
(717,272,56,38.00,40),
(718,272,60,34.00,10),
(719,273,24,4.50,8),
(720,273,53,32.80,5),
(721,274,35,18.00,3),
(722,274,41,9.65,10),
(723,274,68,12.50,6),
(724,275,1,18.00,40),
(725,275,8,40.00,24),
(726,275,30,25.89,20),
(727,275,40,18.40,25),
(728,276,17,39.00,25),
(729,276,20,81.00,15),
(730,276,37,26.00,18),
(731,276,41,9.65,6),
(732,277,10,31.00,2),
(733,277,30,25.89,10),
(734,277,43,46.00,60),
(735,277,54,7.45,15),
(736,278,36,19.00,30),
(737,278,40,18.40,15),
(738,279,1,18.00,8),
(739,279,13,6.00,10),
(740,279,56,38.00,30),
(741,280,4,22.00,50),
(742,280,36,19.00,30),
(743,281,11,21.00,3),
(744,281,33,2.50,8),
(745,281,72,34.80,9),
(746,282,55,24.00,14),
(747,282,68,12.50,20),
(748,282,69,36.00,10),
(749,283,17,39.00,40),
(750,283,43,46.00,25),
(751,283,61,28.50,20),
(752,283,76,18.00,50),
(753,284,59,55.00,2),
(754,285,30,25.89,15),
(755,285,66,17.00,24),
(756,286,4,22.00,50),
(757,286,72,34.80,24),
(758,286,73,15.00,24),
(759,287,30,25.89,10),
(760,287,40,18.40,10),
(761,287,54,7.45,10),
(762,288,11,21.00,50),
(763,288,40,18.40,10),
(764,288,57,19.50,5),
(765,288,59,55.00,15),
(766,289,12,38.00,15),
(767,289,31,12.50,20),
(768,289,33,2.50,30),
(769,289,60,34.00,35),
(770,290,31,12.50,30),
(771,290,51,53.00,6),
(772,290,58,13.25,20),
(773,290,72,34.80,21),
(774,290,73,15.00,9),
(775,291,70,15.00,7),
(776,291,72,34.80,1),
(777,292,13,6.00,8),
(778,292,21,10.00,15),
(779,292,33,2.50,15),
(780,292,49,20.00,6),
(781,293,3,10.00,60),
(782,293,26,31.23,40),
(783,293,38,263.50,30),
(784,293,68,12.50,35),
(785,294,24,4.50,35),
(786,294,38,263.50,4),
(787,294,65,21.05,36),
(788,294,71,21.50,9),
(789,295,11,21.00,15),
(790,295,54,7.45,24),
(791,296,12,38.00,30),
(792,296,23,9.00,70),
(793,297,28,45.60,7),
(794,297,67,14.00,7),
(795,298,11,21.00,10),
(796,299,7,30.00,10),
(797,299,35,18.00,30),
(798,299,62,49.30,40),
(799,300,32,32.00,24),
(800,300,36,19.00,60),
(801,301,34,14.00,10),
(802,301,41,9.65,14),
(803,302,31,12.50,55),
(804,302,45,9.50,100),
(805,302,51,53.00,48),
(806,303,17,39.00,8),
(807,303,19,9.20,10),
(808,303,21,10.00,6),
(809,303,61,28.50,10),
(810,304,16,17.45,40),
(811,304,35,18.00,20),
(812,304,44,19.45,40),
(813,305,69,36.00,18),
(814,305,75,7.75,30),
(815,306,11,21.00,15),
(816,306,16,17.45,14),
(817,306,22,21.00,24),
(818,306,31,12.50,30),
(819,306,35,18.00,6),
(820,307,16,17.45,30),
(821,307,23,9.00,20),
(822,307,62,49.30,20),
(823,307,77,13.00,10),
(824,308,14,23.25,30),
(825,308,19,9.20,35),
(826,308,24,4.50,18),
(827,308,51,53.00,20),
(828,308,56,38.00,40),
(829,309,72,34.80,24),
(830,310,64,33.25,30),
(831,310,75,7.75,20),
(832,311,47,9.50,25),
(833,311,51,53.00,20),
(834,311,52,7.00,30),
(835,311,53,32.80,18),
(836,311,73,15.00,3),
(837,312,41,9.65,12),
(838,312,55,24.00,18),
(839,313,30,25.89,20),
(840,313,62,49.30,15),
(841,314,44,19.45,10),
(842,314,51,53.00,50),
(843,315,33,2.50,20),
(844,315,62,49.30,10),
(845,316,36,19.00,25),
(846,316,52,7.00,70),
(847,317,17,39.00,16),
(848,317,31,12.50,6),
(849,317,55,24.00,25),
(850,318,24,4.50,25),
(851,318,64,33.25,18),
(852,319,11,21.00,35),
(853,319,18,62.50,18),
(854,319,76,18.00,10),
(855,320,31,12.50,60),
(856,320,51,53.00,3),
(857,320,59,55.00,40),
(858,321,10,31.00,5),
(859,322,31,12.50,35),
(860,322,76,18.00,30),
(861,323,11,21.00,15),
(862,323,56,38.00,60),
(863,324,14,23.25,11),
(864,324,42,14.00,28),
(865,325,16,17.45,12),
(866,325,32,32.00,10),
(867,325,40,18.40,50),
(868,325,75,7.75,15),
(869,326,17,39.00,18),
(870,326,34,14.00,40),
(871,326,53,32.80,25),
(872,327,33,2.50,14),
(873,327,40,18.40,2),
(874,327,62,49.30,10),
(875,327,64,33.25,6),
(876,328,59,55.00,12),
(877,328,63,43.90,6),
(878,328,72,34.80,30),
(879,328,76,18.00,10),
(880,329,1,18.00,10),
(881,329,31,12.50,20),
(882,329,44,19.45,21),
(883,330,39,18.00,10),
(884,330,75,7.75,20),
(885,330,77,13.00,18),
(886,331,35,18.00,20),
(887,331,57,19.50,6),
(888,332,15,15.50,10),
(889,332,75,7.75,21),
(890,333,14,23.25,15),
(891,333,41,9.65,9),
(892,333,65,21.05,30),
(893,334,75,7.75,50),
(894,335,57,19.50,4),
(895,335,76,18.00,14),
(896,336,29,123.79,10),
(897,336,60,34.00,24),
(898,336,69,36.00,10),
(899,337,31,12.50,50),
(900,338,47,9.50,15),
(901,339,52,7.00,4),
(902,340,26,31.23,6),
(903,340,35,18.00,20),
(904,340,77,13.00,20),
(905,341,18,62.50,40),
(906,341,42,14.00,100),
(907,342,35,18.00,4),
(908,343,1,18.00,20),
(909,343,77,13.00,60),
(910,344,3,10.00,14),
(911,344,7,30.00,10),
(912,344,54,7.45,50),
(913,345,15,15.50,25),
(914,345,26,31.23,5),
(915,346,20,81.00,21),
(916,346,69,36.00,20),
(917,346,76,18.00,4),
(918,347,52,7.00,24),
(919,347,58,13.25,30),
(920,348,35,18.00,30),
(921,348,61,28.50,120),
(922,348,69,36.00,65),
(923,349,56,38.00,5),
(924,349,63,43.90,24),
(925,349,75,7.75,30),
(926,350,24,4.50,35),
(927,350,57,19.50,20),
(928,350,65,21.05,12),
(929,351,27,43.90,50),
(930,351,71,21.50,9),
(931,352,62,49.30,10),
(932,353,54,7.45,4),
(933,353,73,15.00,30),
(934,354,13,6.00,60),
(935,354,59,55.00,35),
(936,355,77,13.00,5),
(937,356,22,21.00,48),
(938,356,49,20.00,25),
(939,357,48,12.75,6),
(940,357,76,18.00,10),
(941,358,16,17.45,30),
(942,358,59,55.00,20),
(943,358,60,34.00,70),
(944,358,71,21.50,15),
(945,359,4,22.00,20),
(946,359,55,24.00,20),
(947,359,62,49.30,10),
(948,360,7,30.00,45),
(949,360,17,39.00,100),
(950,360,33,2.50,14),
(951,360,40,18.40,42),
(952,360,72,34.80,12),
(953,361,56,38.00,28),
(954,362,1,18.00,3),
(955,362,10,31.00,10),
(956,362,21,10.00,6),
(957,363,36,19.00,21),
(958,364,1,18.00,6),
(959,364,2,19.00,10),
(960,364,60,34.00,15),
(961,365,10,31.00,70),
(962,365,36,19.00,55),
(963,365,49,20.00,18),
(964,365,60,34.00,40),
(965,365,76,18.00,80),
(966,366,13,6.00,8),
(967,366,75,7.75,40),
(968,367,11,21.00,14),
(969,367,21,10.00,8),
(970,367,39,18.00,5),
(971,368,55,24.00,5),
(972,369,38,263.50,15),
(973,369,56,38.00,14),
(974,369,70,15.00,15),
(975,369,71,21.50,15),
(976,370,59,55.00,30),
(977,371,6,25.00,70),
(978,371,56,38.00,20),
(979,371,68,12.50,15),
(980,372,21,10.00,42),
(981,372,22,21.00,40),
(982,373,24,4.50,5),
(983,373,52,7.00,5),
(984,374,19,9.20,5),
(985,374,23,9.00,10),
(986,374,70,15.00,20),
(987,374,71,21.50,15),
(988,375,2,19.00,20),
(989,375,68,12.50,18),
(990,376,14,23.25,21),
(991,376,19,9.20,15),
(992,376,21,10.00,25),
(993,376,24,4.50,3),
(994,376,35,18.00,30),
(995,377,28,45.60,10),
(996,377,29,123.79,6),
(997,377,44,19.45,10),
(998,378,14,23.25,3),
(999,378,42,14.00,5),
(1000,378,60,34.00,10),
(1001,379,53,32.80,12),
(1002,379,60,34.00,20),
(1003,379,71,21.50,20),
(1004,380,62,49.30,15),
(1005,380,73,15.00,35),
(1006,381,1,18.00,25),
(1007,382,29,123.79,20),
(1008,382,64,33.25,9),
(1009,383,55,24.00,12),
(1010,383,76,18.00,35),
(1011,384,75,7.75,8),
(1012,385,2,19.00,30),
(1013,385,33,2.50,20),
(1014,386,12,38.00,36),
(1015,386,13,6.00,13),
(1016,386,26,31.23,35),
(1017,386,62,49.30,80),
(1018,387,7,30.00,35),
(1019,387,18,62.50,50),
(1020,387,51,53.00,15),
(1021,387,75,7.75,2),
(1022,388,4,22.00,10),
(1023,388,5,21.35,15),
(1024,388,22,21.00,40),
(1025,389,4,22.00,25),
(1026,389,58,13.25,6),
(1027,390,11,21.00,10),
(1028,390,50,16.25,25),
(1029,390,56,38.00,60),
(1030,391,45,9.50,20),
(1031,391,65,21.05,21),
(1032,391,72,34.80,60),
(1033,392,18,62.50,8),
(1034,393,69,36.00,20),
(1035,393,70,15.00,15),
(1036,394,2,19.00,50),
(1037,394,40,18.40,60),
(1038,395,21,10.00,30),
(1039,395,61,28.50,20),
(1040,396,28,45.60,15),
(1041,396,39,18.00,21),
(1042,396,46,12.00,2),
(1043,397,18,62.50,4),
(1044,397,43,46.00,20),
(1045,397,46,12.00,21),
(1046,398,18,62.50,20),
(1047,398,36,19.00,15),
(1048,399,1,18.00,15),
(1049,399,10,31.00,18),
(1050,399,71,21.50,30),
(1051,399,77,13.00,35),
(1052,400,19,9.20,30),
(1053,400,39,18.00,20),
(1054,401,22,21.00,15),
(1055,401,24,4.50,15),
(1056,402,28,45.60,20),
(1057,402,72,34.80,15),
(1058,403,30,25.89,30),
(1059,403,53,32.80,25),
(1060,403,54,7.45,30),
(1061,404,19,9.20,12),
(1062,404,22,21.00,20),
(1063,405,30,25.89,2),
(1064,405,42,14.00,20),
(1065,406,16,17.45,30),
(1066,406,60,34.00,20),
(1067,407,4,22.00,12),
(1068,407,39,18.00,20),
(1069,407,54,7.45,6),
(1070,408,41,9.65,20),
(1071,409,14,23.25,3),
(1072,409,44,19.45,28),
(1073,409,47,9.50,6),
(1074,410,15,15.50,50),
(1075,410,41,9.65,24),
(1076,410,46,12.00,45),
(1077,410,47,9.50,10),
(1078,410,56,38.00,45),
(1079,410,60,34.00,30),
(1080,411,21,10.00,60),
(1081,411,40,18.40,70),
(1082,411,60,34.00,55),
(1083,411,77,13.00,70),
(1084,412,31,12.50,20),
(1085,412,40,18.40,24),
(1086,412,70,15.00,40),
(1087,413,20,81.00,21),
(1088,414,39,18.00,3),
(1089,414,58,13.25,49),
(1090,415,68,12.50,10),
(1091,416,40,18.40,30),
(1092,416,42,14.00,30),
(1093,416,51,53.00,20),
(1094,417,10,31.00,24),
(1095,417,56,38.00,12),
(1096,417,65,21.05,15),
(1097,418,51,53.00,20),
(1098,418,59,55.00,1),
(1099,418,76,18.00,10),
(1100,419,29,123.79,36),
(1101,419,65,21.05,10),
(1102,420,69,36.00,45),
(1103,420,71,21.50,14),
(1104,421,31,12.50,8),
(1105,421,55,24.00,4),
(1106,421,64,33.25,15),
(1107,422,36,19.00,30),
(1108,423,23,9.00,32),
(1109,423,46,12.00,60),
(1110,423,67,14.00,25),
(1111,423,73,15.00,50),
(1112,423,75,7.75,25),
(1113,424,16,17.45,10),
(1114,424,62,49.30,10),
(1115,424,65,21.05,12),
(1116,425,38,263.50,15),
(1117,425,71,21.50,12),
(1118,426,16,17.45,3),
(1119,426,42,14.00,6),
(1120,426,43,46.00,6),
(1121,427,23,9.00,5),
(1122,428,14,23.25,30),
(1123,428,53,32.80,10),
(1124,428,58,13.25,30),
(1125,429,10,31.00,2),
(1126,429,19,9.20,7),
(1127,429,44,19.45,21),
(1128,430,26,31.23,30),
(1129,430,33,2.50,8),
(1130,431,12,38.00,100),
(1131,431,33,2.50,30),
(1132,431,41,9.65,120),
(1133,431,54,7.45,30),
(1134,432,59,55.00,12),
(1135,433,16,17.45,50),
(1136,433,31,12.50,20),
(1137,433,42,14.00,40),
(1138,434,19,9.20,30),
(1139,434,21,10.00,12),
(1140,434,64,33.25,28),
(1141,435,33,2.50,30),
(1142,435,66,17.00,4),
(1143,435,75,7.75,30),
(1144,436,52,7.00,9),
(1145,437,40,18.40,20),
(1146,437,47,9.50,40),
(1147,437,60,34.00,30),
(1148,438,10,31.00,20),
(1149,438,41,9.65,4),
(1150,438,47,9.50,15),
(1151,439,17,39.00,30),
(1152,439,26,31.23,15),
(1153,440,9,97.00,50),
(1154,440,29,123.79,10),
(1155,440,36,19.00,6),
(1156,441,10,31.00,18),
(1157,441,28,45.60,60),
(1158,441,34,14.00,14),
(1159,442,1,18.00,35),
(1160,443,56,38.00,20),
(1161,443,77,13.00,30),
(1162,444,1,18.00,30),
(1163,444,29,123.79,40),
(1164,444,43,46.00,40),
(1165,444,44,19.45,24),
(1166,444,62,49.30,48),
(1167,445,63,43.90,20),
(1168,446,9,97.00,6),
(1169,446,54,7.45,60),
(1170,446,69,36.00,30),
(1171,446,73,15.00,15),
(1172,447,7,30.00,90),
(1173,447,59,55.00,25),
(1174,447,70,15.00,50),
(1175,448,8,40.00,10),
(1176,448,12,38.00,4),
(1177,448,24,4.50,20),
(1178,449,17,39.00,20),
(1179,449,46,12.00,18),
(1180,450,19,9.20,7),
(1181,450,35,18.00,9),
(1182,450,58,13.25,30),
(1183,450,70,15.00,30),
(1184,451,11,21.00,15),
(1185,451,17,39.00,8),
(1186,451,29,123.79,12),
(1187,451,65,21.05,65),
(1188,451,70,15.00,8),
(1189,452,47,9.50,12),
(1190,453,1,18.00,5),
(1191,453,34,14.00,12),
(1192,453,68,12.50,40),
(1193,453,71,21.50,60),
(1194,454,59,55.00,42),
(1195,454,71,21.50,20),
(1196,454,76,18.00,35),
(1197,455,3,10.00,6),
(1198,455,76,18.00,15),
(1199,456,2,19.00,5),
(1200,456,59,55.00,35),
(1201,456,73,15.00,35),
(1202,457,4,22.00,6),
(1203,457,24,4.50,35),
(1204,457,48,12.75,24),
(1205,458,31,12.50,20),
(1206,458,32,32.00,4),
(1207,459,16,17.45,20),
(1208,459,43,46.00,24),
(1209,459,59,55.00,8),
(1210,460,55,24.00,21),
(1211,460,57,19.50,40),
(1212,460,70,15.00,28),
(1213,461,5,21.35,4),
(1214,461,36,19.00,5),
(1215,462,8,40.00,40),
(1216,462,51,53.00,28),
(1217,462,60,34.00,10),
(1218,463,19,9.20,5),
(1219,463,47,9.50,5),
(1220,464,19,9.20,12),
(1221,464,41,9.65,42),
(1222,464,53,32.80,120),
(1223,465,53,32.80,3),
(1224,465,56,38.00,30),
(1225,466,10,31.00,18),
(1226,466,26,31.23,30),
(1227,466,45,9.50,110),
(1228,466,46,12.00,24),
(1229,467,2,19.00,30),
(1230,467,17,39.00,27),
(1231,467,47,9.50,50),
(1232,467,56,38.00,18),
(1233,467,58,13.25,12),
(1234,468,10,31.00,21),
(1235,468,71,21.50,30),
(1236,469,21,10.00,5),
(1237,469,51,53.00,7),
(1238,469,61,28.50,10),
(1239,470,21,10.00,32),
(1240,470,54,7.45,15),
(1241,470,69,36.00,25),
(1242,471,12,38.00,36),
(1243,471,16,17.45,20),
(1244,471,36,19.00,40),
(1245,471,62,49.30,20),
(1246,472,18,62.50,12),
(1247,472,30,25.89,3),
(1248,472,54,7.45,40),
(1249,473,35,18.00,21),
(1250,473,71,21.50,8),
(1251,474,44,19.45,50),
(1252,475,2,19.00,3),
(1253,475,31,12.50,50),
(1254,475,68,12.50,45),
(1255,475,75,7.75,42),
(1256,476,26,31.23,15),
(1257,477,10,31.00,16),
(1258,477,61,28.50,5),
(1259,478,41,9.65,12),
(1260,478,52,7.00,4),
(1261,478,55,24.00,6),
(1262,479,4,22.00,25),
(1263,479,11,21.00,5),
(1264,480,17,39.00,20),
(1265,480,56,38.00,10),
(1266,480,59,55.00,10),
(1267,481,30,25.89,15),
(1268,481,40,18.40,6),
(1269,481,55,24.00,12),
(1270,481,60,34.00,15),
(1271,482,1,18.00,50),
(1272,482,21,10.00,30),
(1273,482,50,16.25,40),
(1274,483,16,17.45,15),
(1275,483,31,12.50,3),
(1276,483,65,21.05,10),
(1277,484,21,10.00,40),
(1278,484,51,53.00,30),
(1279,485,76,18.00,20),
(1280,486,14,23.25,16),
(1281,486,28,45.60,20),
(1282,486,52,7.00,25),
(1283,487,6,25.00,30),
(1284,487,30,25.89,15),
(1285,487,76,18.00,20),
(1286,488,61,28.50,20),
(1287,488,77,13.00,2),
(1288,489,65,21.05,40),
(1289,489,75,7.75,20),
(1290,490,13,6.00,4),
(1291,490,41,9.65,12),
(1292,491,16,17.45,3),
(1293,492,36,19.00,6),
(1294,492,52,7.00,18),
(1295,493,28,45.60,5),
(1296,493,35,18.00,35),
(1297,493,45,9.50,40),
(1298,493,56,38.00,14),
(1299,494,2,19.00,15),
(1300,495,3,10.00,20),
(1301,495,60,34.00,50),
(1302,495,72,34.80,35),
(1303,496,46,12.00,28),
(1304,497,40,18.40,50),
(1305,498,18,62.50,24),
(1306,498,44,19.45,16),
(1307,498,59,55.00,45),
(1308,498,72,34.80,7),
(1309,499,13,6.00,6),
(1310,499,42,14.00,28),
(1311,499,62,49.30,9),
(1312,499,69,36.00,40),
(1313,500,31,12.50,8),
(1314,500,41,9.65,35),
(1315,500,63,43.90,9),
(1316,500,69,36.00,30),
(1317,501,23,9.00,44),
(1318,501,40,18.40,40),
(1319,501,56,38.00,28),
(1320,502,56,38.00,15),
(1321,502,59,55.00,6),
(1322,502,76,18.00,10),
(1323,503,14,23.25,5),
(1324,503,45,9.50,40),
(1325,503,59,55.00,25),
(1326,504,26,31.23,12),
(1327,504,30,25.89,30),
(1328,504,50,16.25,20),
(1329,504,73,15.00,15),
(1330,505,1,18.00,8),
(1331,505,69,36.00,3),
(1332,506,45,9.50,4),
(1333,506,74,10.00,5),
(1334,507,40,18.40,3),
(1335,508,47,9.50,30),
(1336,508,56,38.00,30),
(1337,508,57,19.50,14),
(1338,508,69,36.00,25),
(1339,509,18,62.50,21),
(1340,509,36,19.00,20),
(1341,509,68,12.50,6),
(1342,509,69,36.00,20),
(1343,510,34,14.00,30),
(1344,510,59,55.00,7),
(1345,510,62,49.30,30),
(1346,510,64,33.25,24),
(1347,511,26,31.23,20),
(1348,511,52,7.00,60),
(1349,511,70,15.00,40),
(1350,512,32,32.00,10),
(1351,513,25,14.00,12),
(1352,513,27,43.90,40),
(1353,513,43,46.00,30),
(1354,514,25,14.00,35),
(1355,514,75,7.75,18),
(1356,515,39,18.00,16),
(1357,515,47,9.50,30),
(1358,515,51,53.00,28),
(1359,515,56,38.00,60),
(1360,516,21,10.00,40),
(1361,516,22,21.00,6),
(1362,516,24,4.50,20),
(1363,517,3,10.00,20),
(1364,517,39,18.00,130),
(1365,518,65,21.05,80),
(1366,519,2,19.00,40),
(1367,519,7,30.00,35),
(1368,519,68,12.50,40),
(1369,520,42,14.00,2),
(1370,521,22,21.00,4),
(1371,521,31,12.50,50),
(1372,521,60,34.00,15),
(1373,521,71,21.50,12),
(1374,522,41,9.65,30),
(1375,522,52,7.00,15),
(1376,522,61,28.50,20),
(1377,522,62,49.30,15),
(1378,523,11,21.00,15),
(1379,524,71,21.50,16),
(1380,525,29,123.79,18),
(1381,525,59,55.00,25),
(1382,526,17,39.00,33),
(1383,526,31,12.50,70),
(1384,526,75,7.75,7),
(1385,527,31,12.50,2),
(1386,527,66,17.00,50),
(1387,528,10,31.00,6),
(1388,528,67,14.00,3),
(1389,529,31,12.50,16),
(1390,529,42,14.00,12),
(1391,529,45,9.50,27),
(1392,529,51,53.00,120),
(1393,530,42,14.00,20),
(1394,531,41,9.65,10),
(1395,532,16,17.45,20),
(1396,532,62,49.30,20),
(1397,533,70,15.00,35),
(1398,533,77,13.00,15),
(1399,534,54,7.45,3),
(1400,534,56,38.00,20),
(1401,534,74,10.00,35),
(1402,535,31,12.50,1),
(1403,536,31,12.50,10),
(1404,536,38,263.50,5),
(1405,537,36,19.00,30),
(1406,537,39,18.00,2),
(1407,537,72,34.80,30),
(1408,538,10,31.00,10),
(1409,538,75,7.75,10),
(1410,539,8,40.00,30),
(1411,539,30,25.89,15),
(1412,539,75,7.75,42),
(1413,540,2,19.00,15),
(1414,540,29,123.79,20),
(1415,541,19,9.20,50),
(1416,541,75,7.75,40),
(1417,542,18,62.50,30),
(1418,542,35,18.00,15),
(1419,542,63,43.90,30),
(1420,542,68,12.50,18),
(1421,543,7,30.00,3),
(1422,543,56,38.00,20),
(1423,544,29,123.79,14),
(1424,544,41,9.65,20),
(1425,545,2,19.00,10),
(1426,545,54,7.45,3),
(1427,545,68,12.50,15),
(1428,546,41,9.65,14),
(1429,546,52,7.00,8),
(1430,547,14,23.25,15),
(1431,547,54,7.45,6),
(1432,548,16,17.45,65),
(1433,548,17,39.00,35),
(1434,549,26,31.23,21),
(1435,549,44,19.45,10),
(1436,549,64,33.25,35),
(1437,549,69,36.00,24),
(1438,550,11,21.00,20),
(1439,551,62,49.30,2),
(1440,551,72,34.80,10),
(1441,552,13,6.00,20),
(1442,552,24,4.50,20),
(1443,552,59,55.00,25),
(1444,553,11,21.00,50),
(1445,553,51,53.00,10),
(1446,553,54,7.45,7),
(1447,554,17,39.00,40),
(1448,554,29,123.79,20),
(1449,555,30,25.89,25),
(1450,555,51,53.00,30),
(1451,555,55,24.00,60),
(1452,555,62,49.30,5),
(1453,556,19,9.20,24),
(1454,556,25,14.00,15),
(1455,556,59,55.00,15),
(1456,557,10,31.00,36),
(1457,557,28,45.60,24),
(1458,557,49,20.00,4),
(1459,558,34,14.00,10),
(1460,558,38,263.50,10),
(1461,559,2,19.00,20),
(1462,559,65,21.05,2),
(1463,559,74,10.00,15),
(1464,560,40,18.40,1),
(1465,561,56,38.00,20),
(1466,561,76,18.00,50),
(1467,562,52,7.00,20),
(1468,563,13,6.00,7),
(1469,563,25,14.00,5),
(1470,563,70,15.00,5),
(1471,564,19,9.20,15),
(1472,564,23,9.00,18),
(1473,564,40,18.40,30),
(1474,565,31,12.50,16),
(1475,565,72,34.80,40),
(1476,565,77,13.00,20),
(1477,566,2,19.00,12),
(1478,566,46,12.00,35),
(1479,567,41,9.65,20),
(1480,567,43,46.00,20),
(1481,567,48,12.75,8),
(1482,567,61,28.50,30),
(1483,568,33,2.50,16),
(1484,569,38,263.50,30),
(1485,569,62,49.30,20),
(1486,570,26,31.23,40),
(1487,570,38,263.50,30),
(1488,570,40,18.40,60),
(1489,570,62,49.30,25),
(1490,571,32,32.00,20),
(1491,571,41,9.65,20),
(1492,572,43,46.00,7),
(1493,572,75,7.75,20),
(1494,573,56,38.00,30),
(1495,574,35,18.00,20),
(1496,574,51,53.00,6),
(1497,575,62,49.30,3),
(1498,575,70,15.00,6),
(1499,576,11,21.00,20),
(1500,576,57,19.50,15),
(1501,576,59,55.00,40),
(1502,576,77,13.00,15),
(1503,577,41,9.65,12),
(1504,577,70,15.00,9),
(1505,578,26,31.23,12),
(1506,578,53,32.80,20),
(1507,579,31,12.50,35),
(1508,579,57,19.50,15),
(1509,580,10,31.00,15),
(1510,580,39,18.00,21),
(1511,581,20,81.00,5),
(1512,581,38,263.50,2),
(1513,582,2,19.00,10),
(1514,582,8,40.00,20),
(1515,582,13,6.00,10),
(1516,582,60,34.00,21),
(1517,583,6,25.00,6),
(1518,583,39,18.00,28),
(1519,583,60,34.00,30),
(1520,583,68,12.50,24),
(1521,584,19,9.20,2),
(1522,584,35,18.00,8),
(1523,584,38,263.50,8),
(1524,584,43,46.00,9),
(1525,585,13,6.00,3),
(1526,585,25,14.00,10),
(1527,585,44,19.45,16),
(1528,585,64,33.25,3),
(1529,586,7,30.00,20),
(1530,586,31,12.50,9),
(1531,586,53,32.80,9),
(1532,587,29,123.79,8),
(1533,587,30,25.89,20),
(1534,588,59,55.00,15),
(1535,588,77,13.00,2),
(1536,589,22,21.00,52),
(1537,589,35,18.00,6),
(1538,589,57,19.50,24),
(1539,589,60,34.00,60),
(1540,589,64,33.25,30),
(1541,590,13,6.00,6),
(1542,590,40,18.40,25),
(1543,590,47,9.50,40),
(1544,590,76,18.00,21),
(1545,591,1,18.00,4),
(1546,591,18,62.50,25),
(1547,591,36,19.00,50),
(1548,592,58,13.25,30),
(1549,592,72,34.80,15),
(1550,593,25,14.00,6),
(1551,593,39,18.00,10),
(1552,594,10,31.00,16),
(1553,594,56,38.00,30),
(1554,594,59,55.00,50),
(1555,594,77,13.00,15),
(1556,595,11,21.00,15),
(1557,595,43,46.00,5),
(1558,595,68,12.50,20),
(1559,595,70,15.00,12),
(1560,596,51,53.00,4),
(1561,597,22,21.00,35),
(1562,598,23,9.00,70),
(1563,598,35,18.00,25),
(1564,598,42,14.00,42),
(1565,598,58,13.25,60),
(1566,598,64,33.25,48),
(1567,599,4,22.00,21),
(1568,599,70,15.00,30),
(1569,599,74,10.00,20),
(1570,600,1,18.00,80),
(1571,600,19,9.20,12),
(1572,600,37,26.00,60),
(1573,600,45,9.50,36),
(1574,600,60,34.00,45),
(1575,600,71,21.50,55),
(1576,601,5,21.35,30),
(1577,601,9,97.00,3),
(1578,602,3,10.00,49),
(1579,602,26,31.23,18),
(1580,603,25,14.00,20),
(1581,603,33,2.50,4),
(1582,603,70,15.00,30),
(1583,604,2,19.00,5),
(1584,604,25,14.00,10),
(1585,604,57,19.50,10),
(1586,604,59,55.00,42),
(1587,605,2,19.00,15),
(1588,605,17,39.00,6),
(1589,605,62,49.30,50),
(1590,606,18,62.50,10),
(1591,607,10,31.00,100),
(1592,607,13,6.00,65),
(1593,608,16,17.45,50),
(1594,608,31,12.50,14),
(1595,608,56,38.00,24),
(1596,608,65,21.05,15),
(1597,609,2,19.00,20),
(1598,609,42,14.00,20),
(1599,610,3,10.00,30),
(1600,610,26,31.23,35),
(1601,610,29,123.79,10),
(1602,611,7,30.00,5),
(1603,611,27,43.90,10),
(1604,611,70,15.00,4),
(1605,612,24,4.50,40),
(1606,612,54,7.45,35),
(1607,612,64,33.25,30),
(1608,613,51,53.00,3),
(1609,613,76,18.00,20),
(1610,614,17,39.00,42),
(1611,614,18,62.50,20),
(1612,614,21,10.00,40),
(1613,614,33,2.50,35),
(1614,614,62,49.30,3),
(1615,615,11,21.00,25),
(1616,615,52,7.00,8),
(1617,616,1,18.00,20),
(1618,616,58,13.25,12),
(1619,617,35,18.00,4),
(1620,617,67,14.00,15),
(1621,618,38,263.50,60),
(1622,618,39,18.00,80),
(1623,619,2,19.00,21),
(1624,619,24,4.50,6),
(1625,619,30,25.89,40),
(1626,620,53,32.80,3),
(1627,621,26,31.23,20),
(1628,621,35,18.00,30),
(1629,621,49,20.00,42),
(1630,622,1,18.00,40),
(1631,622,11,21.00,10),
(1632,622,23,9.00,50),
(1633,622,68,12.50,20),
(1634,623,35,18.00,3),
(1635,623,51,53.00,2),
(1636,624,6,25.00,50),
(1637,624,16,17.45,12),
(1638,624,17,39.00,16),
(1639,625,55,24.00,10),
(1640,625,62,49.30,20),
(1641,625,64,33.25,15),
(1642,625,65,21.05,21),
(1643,626,21,10.00,20),
(1644,626,28,45.60,3),
(1645,627,10,31.00,10),
(1646,628,19,9.20,25),
(1647,628,47,9.50,21),
(1648,628,49,20.00,15),
(1649,629,46,12.00,21),
(1650,629,64,33.25,20),
(1651,630,16,17.45,30),
(1652,630,18,62.50,25),
(1653,631,20,81.00,20),
(1654,632,40,18.40,12),
(1655,632,65,21.05,10),
(1656,632,76,18.00,10),
(1657,633,23,9.00,30),
(1658,633,61,28.50,30),
(1659,633,70,15.00,50),
(1660,634,73,15.00,10),
(1661,635,42,14.00,25),
(1662,635,49,20.00,20),
(1663,635,54,7.45,32),
(1664,636,24,4.50,8),
(1665,637,21,10.00,40),
(1666,637,56,38.00,21),
(1667,637,65,21.05,12),
(1668,638,2,19.00,20),
(1669,638,24,4.50,12),
(1670,638,70,15.00,30),
(1671,638,77,13.00,25),
(1672,639,10,31.00,70),
(1673,639,31,12.50,35),
(1674,639,77,13.00,40),
(1675,640,25,14.00,5),
(1676,641,2,19.00,20),
(1677,641,68,12.50,18),
(1678,642,11,21.00,40),
(1679,642,38,263.50,40),
(1680,643,17,39.00,15),
(1681,643,34,14.00,10),
(1682,643,41,9.65,14),
(1683,644,30,25.89,15),
(1684,645,59,55.00,40),
(1685,646,8,40.00,30),
(1686,646,24,4.50,10),
(1687,646,29,123.79,24),
(1688,646,30,25.89,35),
(1689,646,36,19.00,20),
(1690,647,13,6.00,28),
(1691,647,69,36.00,50),
(1692,647,75,7.75,120),
(1693,648,24,4.50,110),
(1694,648,39,18.00,45),
(1695,648,40,18.40,91),
(1696,648,60,34.00,100),
(1697,649,45,9.50,15),
(1698,649,56,38.00,16),
(1699,650,29,123.79,80),
(1700,650,30,25.89,36),
(1701,651,13,6.00,5),
(1702,652,39,18.00,8),
(1703,653,70,15.00,3),
(1704,654,41,9.65,30),
(1705,654,71,21.50,30),
(1706,655,55,24.00,30),
(1707,655,62,49.30,6),
(1708,656,13,6.00,40),
(1709,656,65,21.05,21),
(1710,656,68,12.50,20),
(1711,657,58,13.25,15),
(1712,657,62,49.30,35),
(1713,658,1,18.00,20),
(1714,659,61,28.50,15),
(1715,660,75,7.75,14),
(1716,661,7,30.00,20),
(1717,661,52,7.00,14),
(1718,662,7,30.00,12),
(1719,662,16,17.45,15),
(1720,662,41,9.65,5),
(1721,663,19,9.20,12),
(1722,663,49,20.00,10),
(1723,663,61,28.50,5),
(1724,664,1,18.00,10),
(1725,664,17,39.00,12),
(1726,664,67,14.00,15),
(1727,665,11,21.00,40),
(1728,665,29,123.79,60),
(1729,666,4,22.00,30),
(1730,666,33,2.50,40),
(1731,666,58,13.25,15),
(1732,667,71,21.50,25),
(1733,668,17,39.00,10),
(1734,668,33,2.50,30),
(1735,668,54,7.45,10),
(1736,669,16,17.45,6),
(1737,669,32,32.00,6),
(1738,669,57,19.50,20),
(1739,670,30,25.89,1),
(1740,670,60,34.00,10),
(1741,671,1,18.00,60),
(1742,671,60,34.00,25),
(1743,672,16,17.45,24),
(1744,672,25,14.00,24),
(1745,672,40,18.40,20),
(1746,673,50,16.25,24),
(1747,674,35,18.00,10),
(1748,674,63,43.90,40),
(1749,675,17,39.00,15),
(1750,675,24,4.50,35),
(1751,676,42,14.00,10),
(1752,676,43,46.00,10),
(1753,676,67,14.00,24),
(1754,677,10,31.00,20),
(1755,677,28,45.60,30),
(1756,677,75,7.75,6),
(1757,678,36,19.00,25),
(1758,678,52,7.00,12),
(1759,679,11,21.00,2),
(1760,679,13,6.00,10),
(1761,679,19,9.20,7),
(1762,679,72,34.80,10),
(1763,680,20,81.00,5),
(1764,680,52,7.00,5),
(1765,680,76,18.00,20),
(1766,681,47,9.50,5),
(1767,681,76,18.00,5),
(1768,682,21,10.00,60),
(1769,682,75,7.75,49),
(1770,682,77,13.00,15),
(1771,683,21,10.00,36),
(1772,683,27,43.90,25),
(1773,683,55,24.00,25),
(1774,683,58,13.25,30),
(1775,684,13,6.00,42),
(1776,684,57,19.50,30),
(1777,685,16,17.45,30),
(1778,685,62,49.30,14),
(1779,685,72,34.80,16),
(1780,685,75,7.75,20),
(1781,686,53,32.80,2),
(1782,686,61,28.50,30),
(1783,687,6,25.00,20),
(1784,688,1,18.00,21),
(1785,688,18,62.50,4),
(1786,688,23,9.00,8),
(1787,689,36,19.00,30),
(1788,690,28,45.60,8),
(1789,690,34,14.00,20),
(1790,691,13,6.00,20),
(1791,691,43,46.00,24),
(1792,691,60,34.00,49),
(1793,691,71,21.50,35),
(1794,692,2,19.00,10),
(1795,692,67,14.00,40),
(1796,693,7,30.00,8),
(1797,693,13,6.00,20),
(1798,694,31,12.50,44),
(1799,694,62,49.30,30),
(1800,694,68,12.50,80),
(1801,694,72,34.80,50),
(1802,695,49,20.00,28),
(1803,696,13,6.00,15),
(1804,696,22,21.00,21),
(1805,696,46,12.00,15),
(1806,697,11,21.00,5),
(1807,697,44,19.45,18),
(1808,697,56,38.00,18),
(1809,698,13,6.00,20),
(1810,698,31,12.50,10),
(1811,699,10,31.00,25),
(1812,699,24,4.50,25),
(1813,699,77,13.00,40),
(1814,700,59,55.00,4),
(1815,701,50,16.25,9),
(1816,701,51,53.00,40),
(1817,701,55,24.00,4),
(1818,702,6,25.00,12),
(1819,702,10,31.00,30),
(1820,702,17,39.00,6),
(1821,702,62,49.30,60),
(1822,703,4,22.00,5),
(1823,704,33,2.50,15),
(1824,704,41,9.65,6),
(1825,704,75,7.75,50),
(1826,705,6,25.00,16),
(1827,705,28,45.60,2),
(1828,706,20,81.00,50),
(1829,706,31,12.50,50),
(1830,707,16,17.45,28),
(1831,707,31,12.50,25),
(1832,707,45,9.50,30),
(1833,707,60,34.00,24),
(1834,708,75,7.75,12),
(1835,709,21,10.00,12),
(1836,709,47,9.50,14),
(1837,709,51,53.00,8),
(1838,710,30,25.89,30),
(1839,710,35,18.00,40),
(1840,710,64,33.25,8),
(1841,711,5,21.35,20),
(1842,711,7,30.00,6),
(1843,711,72,34.80,5),
(1844,712,75,7.75,20),
(1845,713,24,4.50,10),
(1846,713,41,9.65,24),
(1847,714,52,7.00,6),
(1848,714,76,18.00,60),
(1849,715,7,30.00,45),
(1850,715,13,6.00,77),
(1851,715,53,32.80,20),
(1852,715,69,36.00,9),
(1853,715,76,18.00,44),
(1854,716,60,34.00,2),
(1855,717,18,62.50,6),
(1856,717,38,263.50,5),
(1857,717,69,36.00,10),
(1858,718,51,53.00,16),
(1859,719,37,26.00,8),
(1860,719,56,38.00,12),
(1861,719,62,49.30,12),
(1862,720,19,9.20,12),
(1863,720,49,20.00,40),
(1864,721,12,38.00,30),
(1865,721,24,4.50,30),
(1866,721,64,33.25,4),
(1867,722,46,12.00,9),
(1868,723,52,7.00,40),
(1869,724,29,123.79,14),
(1870,725,17,39.00,6),
(1871,725,33,2.50,7),
(1872,726,26,31.23,5),
(1873,726,41,9.65,6),
(1874,726,75,7.75,10),
(1875,727,63,43.90,10),
(1876,728,8,40.00,16),
(1877,728,75,7.75,10),
(1878,729,28,45.60,20),
(1879,730,39,18.00,30),
(1880,730,47,9.50,30),
(1881,730,51,53.00,10),
(1882,730,63,43.90,20),
(1883,731,8,40.00,20),
(1884,731,21,10.00,40),
(1885,731,40,18.40,10),
(1886,731,44,19.45,6),
(1887,732,7,30.00,18),
(1888,732,12,38.00,20),
(1889,732,24,4.50,80),
(1890,732,27,43.90,30),
(1891,732,31,12.50,24),
(1892,732,63,43.90,35),
(1893,733,75,7.75,40),
(1894,734,38,263.50,60),
(1895,735,7,30.00,20),
(1896,735,43,46.00,9),
(1897,736,13,6.00,84),
(1898,736,57,19.50,15),
(1899,737,16,17.45,55),
(1900,737,24,4.50,20),
(1901,737,36,19.00,40),
(1902,738,16,17.45,36),
(1903,738,18,62.50,8),
(1904,738,32,32.00,35),
(1905,739,11,21.00,30),
(1906,739,20,81.00,15),
(1907,739,76,18.00,10),
(1908,739,77,13.00,15),
(1909,740,7,30.00,60),
(1910,740,43,46.00,6),
(1911,740,72,34.80,20),
(1912,741,7,30.00,60),
(1913,741,62,49.30,40),
(1914,742,6,25.00,40),
(1915,742,11,21.00,15),
(1916,742,41,9.65,4),
(1917,743,21,10.00,65),
(1918,743,34,14.00,60),
(1919,743,55,24.00,65),
(1920,743,61,28.50,66),
(1921,744,2,19.00,50),
(1922,744,70,15.00,20),
(1923,744,76,18.00,90),
(1924,745,72,34.80,2),
(1925,746,29,123.79,50),
(1926,746,41,9.65,35),
(1927,747,59,55.00,18),
(1928,748,51,53.00,20),
(1929,748,60,34.00,4),
(1930,749,42,14.00,40),
(1931,750,32,32.00,50),
(1932,750,46,12.00,20),
(1933,750,52,7.00,20),
(1934,751,24,4.50,12),
(1935,751,61,28.50,7),
(1936,751,74,10.00,20),
(1937,751,75,7.75,30),
(1938,752,41,9.65,20),
(1939,752,51,53.00,15),
(1940,752,77,13.00,21),
(1941,753,4,22.00,25),
(1942,753,24,4.50,30),
(1943,753,77,13.00,30),
(1944,754,7,30.00,60),
(1945,754,22,21.00,25),
(1946,754,46,12.00,25),
(1947,754,55,24.00,6),
(1948,755,13,6.00,56),
(1949,755,35,18.00,15),
(1950,755,42,14.00,24),
(1951,755,55,24.00,40),
(1952,756,1,18.00,4),
(1953,756,40,18.40,10),
(1954,756,52,7.00,10),
(1955,757,26,31.23,6),
(1956,757,76,18.00,6),
(1957,758,1,18.00,2),
(1958,758,59,55.00,10),
(1959,759,1,18.00,8),
(1960,759,29,123.79,2),
(1961,760,8,40.00,30),
(1962,760,29,123.79,10),
(1963,760,42,14.00,14),
(1964,761,28,45.60,70),
(1965,761,34,14.00,90),
(1966,761,71,21.50,21),
(1967,762,24,4.50,12),
(1968,762,36,19.00,18),
(1969,762,60,34.00,9),
(1970,763,7,30.00,20),
(1971,763,24,4.50,10),
(1972,764,58,13.25,40),
(1973,764,71,21.50,20),
(1974,765,19,9.20,50),
(1975,765,60,34.00,36),
(1976,765,71,21.50,60),
(1977,766,23,9.00,10),
(1978,766,42,14.00,4),
(1979,766,45,9.50,20),
(1980,766,68,12.50,2),
(1981,767,41,9.65,28),
(1982,768,30,25.89,15),
(1983,768,77,13.00,18),
(1984,769,31,12.50,15),
(1985,769,36,19.00,16),
(1986,770,3,10.00,25),
(1987,770,59,55.00,110),
(1988,770,70,15.00,30),
(1989,771,12,38.00,20),
(1990,771,18,62.50,10),
(1991,771,56,38.00,5),
(1992,772,46,12.00,3),
(1993,772,49,20.00,2),
(1994,773,10,31.00,24),
(1995,774,2,19.00,11),
(1996,774,20,81.00,15),
(1997,774,26,31.23,63),
(1998,774,51,53.00,44),
(1999,774,72,34.80,35),
(2000,775,19,9.20,35),
(2001,775,69,36.00,30),
(2002,776,7,30.00,4),
(2003,776,43,46.00,30),
(2004,777,26,31.23,12),
(2005,777,33,2.50,30),
(2006,777,65,21.05,21),
(2007,777,71,21.50,50),
(2008,778,1,18.00,10),
(2009,778,13,6.00,20),
(2010,779,18,62.50,8),
(2011,779,51,53.00,10),
(2012,780,24,4.50,30),
(2013,780,62,49.30,21),
(2014,781,55,24.00,35),
(2015,781,59,55.00,24),
(2016,782,56,38.00,20),
(2017,782,63,43.90,12),
(2018,783,2,19.00,100),
(2019,783,5,21.35,70),
(2020,783,29,123.79,60),
(2021,783,59,55.00,100),
(2022,784,1,18.00,45),
(2023,784,13,6.00,80),
(2024,784,24,4.50,21),
(2025,784,64,33.25,20),
(2026,784,71,21.50,16),
(2027,785,36,19.00,35),
(2028,785,38,263.50,25),
(2029,785,59,55.00,30),
(2030,786,53,32.80,70),
(2031,786,69,36.00,36),
(2032,787,21,10.00,15),
(2033,787,44,19.45,12),
(2034,787,61,28.50,6),
(2035,788,1,18.00,10),
(2036,788,35,18.00,60),
(2037,788,42,14.00,30),
(2038,788,54,7.45,10),
(2039,789,13,6.00,7),
(2040,789,59,55.00,30),
(2041,790,70,15.00,4),
(2042,791,40,18.40,5),
(2043,791,52,7.00,2),
(2044,791,71,21.50,30),
(2045,792,28,45.60,20),
(2046,792,35,18.00,24),
(2047,792,49,20.00,60),
(2048,792,57,19.50,28),
(2049,793,21,10.00,20),
(2050,794,2,19.00,30),
(2051,794,63,43.90,30),
(2052,795,44,19.45,15),
(2053,795,61,28.50,4),
(2054,796,11,21.00,10),
(2055,797,62,49.30,12),
(2056,798,33,2.50,15),
(2057,798,51,53.00,24),
(2058,799,12,38.00,20),
(2059,799,32,32.00,15),
(2060,799,35,18.00,18),
(2061,800,1,18.00,25),
(2062,800,5,21.35,30),
(2063,801,68,12.50,42),
(2064,802,2,19.00,10),
(2065,802,12,38.00,4),
(2066,803,76,18.00,50),
(2067,804,24,4.50,10),
(2068,805,43,46.00,30),
(2069,805,61,28.50,10),
(2070,806,18,62.50,35),
(2071,806,32,32.00,20),
(2072,806,64,33.25,25),
(2073,807,33,2.50,10),
(2074,807,67,14.00,20),
(2075,808,24,4.50,15),
(2076,808,25,14.00,15),
(2077,808,51,53.00,20),
(2078,808,57,19.50,20),
(2079,809,7,30.00,40),
(2080,809,55,24.00,35),
(2081,809,60,34.00,50),
(2082,810,70,15.00,3),
(2083,811,21,10.00,3),
(2084,811,60,34.00,21),
(2085,811,61,28.50,4),
(2086,812,13,6.00,30),
(2087,812,17,39.00,12),
(2088,812,60,34.00,35),
(2089,813,60,34.00,4),
(2090,813,77,13.00,10),
(2091,814,60,34.00,15),
(2092,815,53,32.80,10),
(2093,815,70,15.00,12),
(2094,816,34,14.00,30),
(2095,816,40,18.40,40),
(2096,816,41,9.65,30),
(2097,817,17,39.00,77),
(2098,817,41,9.65,12),
(2099,817,53,32.80,25),
(2100,817,55,24.00,4),
(2101,817,68,12.50,55),
(2102,818,30,25.89,4),
(2103,818,54,7.45,20),
(2104,819,16,17.45,3),
(2105,819,19,9.20,42),
(2106,819,34,14.00,35),
(2107,820,41,9.65,9),
(2108,821,28,45.60,8),
(2109,821,43,46.00,36),
(2110,821,77,13.00,28),
(2111,822,39,18.00,20),
(2112,823,1,18.00,40),
(2113,823,2,19.00,20),
(2114,823,16,17.45,30),
(2115,823,31,12.50,20),
(2116,824,7,30.00,15),
(2117,824,13,6.00,10),
(2118,825,2,19.00,8),
(2119,825,41,9.65,40),
(2120,825,50,16.25,22),
(2121,825,64,33.25,130),
(2122,826,11,21.00,10),
(2123,826,24,4.50,20),
(2124,827,16,17.45,14),
(2125,828,2,19.00,10),
(2126,828,46,12.00,30),
(2127,828,76,18.00,2),
(2128,829,6,25.00,20),
(2129,829,14,23.25,20),
(2130,829,19,9.20,10),
(2131,830,2,19.00,24),
(2132,830,3,10.00,4),
(2133,830,4,22.00,1),
(2134,830,6,25.00,1),
(2135,830,7,30.00,1),
(2136,830,8,40.00,2),
(2137,830,10,31.00,1),
(2138,830,12,38.00,2),
(2139,830,13,6.00,4),
(2140,830,14,23.25,1),
(2141,830,16,17.45,2),
(2142,830,20,81.00,1),
(2143,830,23,9.00,2),
(2144,830,32,32.00,1),
(2145,830,39,18.00,2),
(2146,830,41,9.65,3),
(2147,830,46,12.00,3),
(2148,830,52,7.00,2),
(2149,830,55,24.00,2),
(2150,830,60,34.00,2),
(2151,830,64,33.25,2),
(2152,830,66,17.00,1),
(2153,830,73,15.00,2),
(2154,830,75,7.75,4),
(2155,830,77,13.00,2);



